cell_type,tissue_system,germ_layer,layer_id,os_analogy,cell_type_description,n_markers_in_catalog,marker_gene
ASTROCYTE,Brain,ECTODERM,4,"System daemon — resource management, cleanup, homeostasis","Glial support cells — metabolic support, BBB, synapse maintenance",14,ALDH1L1
ASTROCYTE,Brain,ECTODERM,4,"System daemon — resource management, cleanup, homeostasis","Glial support cells — metabolic support, BBB, synapse maintenance",14,AQP4
ASTROCYTE,Brain,ECTODERM,4,"System daemon — resource management, cleanup, homeostasis","Glial support cells — metabolic support, BBB, synapse maintenance",14,CLU
ASTROCYTE,Brain,ECTODERM,4,"System daemon — resource management, cleanup, homeostasis","Glial support cells — metabolic support, BBB, synapse maintenance",14,FABP7
ASTROCYTE,Brain,ECTODERM,4,"System daemon — resource management, cleanup, homeostasis","Glial support cells — metabolic support, BBB, synapse maintenance",14,GFAP
ASTROCYTE,Brain,ECTODERM,4,"System daemon — resource management, cleanup, homeostasis","Glial support cells — metabolic support, BBB, synapse maintenance",14,GJA1
ASTROCYTE,Brain,ECTODERM,4,"System daemon — resource management, cleanup, homeostasis","Glial support cells — metabolic support, BBB, synapse maintenance",14,GLUL
ASTROCYTE,Brain,ECTODERM,4,"System daemon — resource management, cleanup, homeostasis","Glial support cells — metabolic support, BBB, synapse maintenance",14,NFIA
ASTROCYTE,Brain,ECTODERM,4,"System daemon — resource management, cleanup, homeostasis","Glial support cells — metabolic support, BBB, synapse maintenance",14,NFIB
ASTROCYTE,Brain,ECTODERM,4,"System daemon — resource management, cleanup, homeostasis","Glial support cells — metabolic support, BBB, synapse maintenance",14,S100B
ASTROCYTE,Brain,ECTODERM,4,"System daemon — resource management, cleanup, homeostasis","Glial support cells — metabolic support, BBB, synapse maintenance",14,SLC1A2
ASTROCYTE,Brain,ECTODERM,4,"System daemon — resource management, cleanup, homeostasis","Glial support cells — metabolic support, BBB, synapse maintenance",14,SLC1A3
ASTROCYTE,Brain,ECTODERM,4,"System daemon — resource management, cleanup, homeostasis","Glial support cells — metabolic support, BBB, synapse maintenance",14,SOX9
ASTROCYTE,Brain,ECTODERM,4,"System daemon — resource management, cleanup, homeostasis","Glial support cells — metabolic support, BBB, synapse maintenance",14,VIM
NEURON_EXCITATORY,Brain,ECTODERM,4,Application worker thread — generates output signals,Glutamatergic neurons — primary signal generators,21,BCL11B
NEURON_EXCITATORY,Brain,ECTODERM,4,Application worker thread — generates output signals,Glutamatergic neurons — primary signal generators,21,CAMK2A
NEURON_EXCITATORY,Brain,ECTODERM,4,Application worker thread — generates output signals,Glutamatergic neurons — primary signal generators,21,CTIP2
NEURON_EXCITATORY,Brain,ECTODERM,4,Application worker thread — generates output signals,Glutamatergic neurons — primary signal generators,21,CUX1
NEURON_EXCITATORY,Brain,ECTODERM,4,Application worker thread — generates output signals,Glutamatergic neurons — primary signal generators,21,CUX2
NEURON_EXCITATORY,Brain,ECTODERM,4,Application worker thread — generates output signals,Glutamatergic neurons — primary signal generators,21,DLG4
NEURON_EXCITATORY,Brain,ECTODERM,4,Application worker thread — generates output signals,Glutamatergic neurons — primary signal generators,21,FEZF2
NEURON_EXCITATORY,Brain,ECTODERM,4,Application worker thread — generates output signals,Glutamatergic neurons — primary signal generators,21,FOXP2
NEURON_EXCITATORY,Brain,ECTODERM,4,Application worker thread — generates output signals,Glutamatergic neurons — primary signal generators,21,GRIN1
NEURON_EXCITATORY,Brain,ECTODERM,4,Application worker thread — generates output signals,Glutamatergic neurons — primary signal generators,21,GRIN2A
NEURON_EXCITATORY,Brain,ECTODERM,4,Application worker thread — generates output signals,Glutamatergic neurons — primary signal generators,21,GRIN2B
NEURON_EXCITATORY,Brain,ECTODERM,4,Application worker thread — generates output signals,Glutamatergic neurons — primary signal generators,21,NRGN
NEURON_EXCITATORY,Brain,ECTODERM,4,Application worker thread — generates output signals,Glutamatergic neurons — primary signal generators,21,RORB
NEURON_EXCITATORY,Brain,ECTODERM,4,Application worker thread — generates output signals,Glutamatergic neurons — primary signal generators,21,SATB2
NEURON_EXCITATORY,Brain,ECTODERM,4,Application worker thread — generates output signals,Glutamatergic neurons — primary signal generators,21,SLC17A6
NEURON_EXCITATORY,Brain,ECTODERM,4,Application worker thread — generates output signals,Glutamatergic neurons — primary signal generators,21,SLC17A7
NEURON_EXCITATORY,Brain,ECTODERM,4,Application worker thread — generates output signals,Glutamatergic neurons — primary signal generators,21,SNAP25
NEURON_EXCITATORY,Brain,ECTODERM,4,Application worker thread — generates output signals,Glutamatergic neurons — primary signal generators,21,SYN1
NEURON_EXCITATORY,Brain,ECTODERM,4,Application worker thread — generates output signals,Glutamatergic neurons — primary signal generators,21,SYT1
NEURON_EXCITATORY,Brain,ECTODERM,4,Application worker thread — generates output signals,Glutamatergic neurons — primary signal generators,21,TBR1
NEURON_EXCITATORY,Brain,ECTODERM,4,Application worker thread — generates output signals,Glutamatergic neurons — primary signal generators,21,VGLUT1
NEURON_INHIBITORY,Brain,ECTODERM,4,Rate limiter / governor thread — suppresses excessive activity,GABAergic interneurons — signal inhibitors,17,ADARB2
NEURON_INHIBITORY,Brain,ECTODERM,4,Rate limiter / governor thread — suppresses excessive activity,GABAergic interneurons — signal inhibitors,17,CALB1
NEURON_INHIBITORY,Brain,ECTODERM,4,Rate limiter / governor thread — suppresses excessive activity,GABAergic interneurons — signal inhibitors,17,CALB2
NEURON_INHIBITORY,Brain,ECTODERM,4,Rate limiter / governor thread — suppresses excessive activity,GABAergic interneurons — signal inhibitors,17,DLX1
NEURON_INHIBITORY,Brain,ECTODERM,4,Rate limiter / governor thread — suppresses excessive activity,GABAergic interneurons — signal inhibitors,17,DLX2
NEURON_INHIBITORY,Brain,ECTODERM,4,Rate limiter / governor thread — suppresses excessive activity,GABAergic interneurons — signal inhibitors,17,DLX5
NEURON_INHIBITORY,Brain,ECTODERM,4,Rate limiter / governor thread — suppresses excessive activity,GABAergic interneurons — signal inhibitors,17,DLX6
NEURON_INHIBITORY,Brain,ECTODERM,4,Rate limiter / governor thread — suppresses excessive activity,GABAergic interneurons — signal inhibitors,17,GAD1
NEURON_INHIBITORY,Brain,ECTODERM,4,Rate limiter / governor thread — suppresses excessive activity,GABAergic interneurons — signal inhibitors,17,GAD2
NEURON_INHIBITORY,Brain,ECTODERM,4,Rate limiter / governor thread — suppresses excessive activity,GABAergic interneurons — signal inhibitors,17,LAMP5
NEURON_INHIBITORY,Brain,ECTODERM,4,Rate limiter / governor thread — suppresses excessive activity,GABAergic interneurons — signal inhibitors,17,LHX6
NEURON_INHIBITORY,Brain,ECTODERM,4,Rate limiter / governor thread — suppresses excessive activity,GABAergic interneurons — signal inhibitors,17,NOS1
NEURON_INHIBITORY,Brain,ECTODERM,4,Rate limiter / governor thread — suppresses excessive activity,GABAergic interneurons — signal inhibitors,17,NPY
NEURON_INHIBITORY,Brain,ECTODERM,4,Rate limiter / governor thread — suppresses excessive activity,GABAergic interneurons — signal inhibitors,17,PVALB
NEURON_INHIBITORY,Brain,ECTODERM,4,Rate limiter / governor thread — suppresses excessive activity,GABAergic interneurons — signal inhibitors,17,SLC32A1
NEURON_INHIBITORY,Brain,ECTODERM,4,Rate limiter / governor thread — suppresses excessive activity,GABAergic interneurons — signal inhibitors,17,SST
NEURON_INHIBITORY,Brain,ECTODERM,4,Rate limiter / governor thread — suppresses excessive activity,GABAergic interneurons — signal inhibitors,17,VIP
SCHWANN_CELL,Peripheral nerve,ECTODERM,4,PNS network cable insulation,Peripheral nerve myelin — myelination of peripheral axons,10,EGR2
SCHWANN_CELL,Peripheral nerve,ECTODERM,4,PNS network cable insulation,Peripheral nerve myelin — myelination of peripheral axons,10,MBP
SCHWANN_CELL,Peripheral nerve,ECTODERM,4,PNS network cable insulation,Peripheral nerve myelin — myelination of peripheral axons,10,MPZ
SCHWANN_CELL,Peripheral nerve,ECTODERM,4,PNS network cable insulation,Peripheral nerve myelin — myelination of peripheral axons,10,MTMR2
SCHWANN_CELL,Peripheral nerve,ECTODERM,4,PNS network cable insulation,Peripheral nerve myelin — myelination of peripheral axons,10,NDRG1
SCHWANN_CELL,Peripheral nerve,ECTODERM,4,PNS network cable insulation,Peripheral nerve myelin — myelination of peripheral axons,10,NGFR
SCHWANN_CELL,Peripheral nerve,ECTODERM,4,PNS network cable insulation,Peripheral nerve myelin — myelination of peripheral axons,10,PMP22
SCHWANN_CELL,Peripheral nerve,ECTODERM,4,PNS network cable insulation,Peripheral nerve myelin — myelination of peripheral axons,10,PRX
SCHWANN_CELL,Peripheral nerve,ECTODERM,4,PNS network cable insulation,Peripheral nerve myelin — myelination of peripheral axons,10,S100B
SCHWANN_CELL,Peripheral nerve,ECTODERM,4,PNS network cable insulation,Peripheral nerve myelin — myelination of peripheral axons,10,SOX10
CARDIOMYOCYTE,Heart,MESODERM,5,Clock/timer hardware — autonomous rhythmic contraction,Heart muscle cells — contractile units with intrinsic pacemaker ability,23,ACTC1
CARDIOMYOCYTE,Heart,MESODERM,5,Clock/timer hardware — autonomous rhythmic contraction,Heart muscle cells — contractile units with intrinsic pacemaker ability,23,GATA4
CARDIOMYOCYTE,Heart,MESODERM,5,Clock/timer hardware — autonomous rhythmic contraction,Heart muscle cells — contractile units with intrinsic pacemaker ability,23,HAND1
CARDIOMYOCYTE,Heart,MESODERM,5,Clock/timer hardware — autonomous rhythmic contraction,Heart muscle cells — contractile units with intrinsic pacemaker ability,23,HAND2
CARDIOMYOCYTE,Heart,MESODERM,5,Clock/timer hardware — autonomous rhythmic contraction,Heart muscle cells — contractile units with intrinsic pacemaker ability,23,HCN4
CARDIOMYOCYTE,Heart,MESODERM,5,Clock/timer hardware — autonomous rhythmic contraction,Heart muscle cells — contractile units with intrinsic pacemaker ability,23,ISL1
CARDIOMYOCYTE,Heart,MESODERM,5,Clock/timer hardware — autonomous rhythmic contraction,Heart muscle cells — contractile units with intrinsic pacemaker ability,23,KCNH2
CARDIOMYOCYTE,Heart,MESODERM,5,Clock/timer hardware — autonomous rhythmic contraction,Heart muscle cells — contractile units with intrinsic pacemaker ability,23,KCNQ1
CARDIOMYOCYTE,Heart,MESODERM,5,Clock/timer hardware — autonomous rhythmic contraction,Heart muscle cells — contractile units with intrinsic pacemaker ability,23,MEF2C
CARDIOMYOCYTE,Heart,MESODERM,5,Clock/timer hardware — autonomous rhythmic contraction,Heart muscle cells — contractile units with intrinsic pacemaker ability,23,MYBPC3
CARDIOMYOCYTE,Heart,MESODERM,5,Clock/timer hardware — autonomous rhythmic contraction,Heart muscle cells — contractile units with intrinsic pacemaker ability,23,MYH6
CARDIOMYOCYTE,Heart,MESODERM,5,Clock/timer hardware — autonomous rhythmic contraction,Heart muscle cells — contractile units with intrinsic pacemaker ability,23,MYH7
CARDIOMYOCYTE,Heart,MESODERM,5,Clock/timer hardware — autonomous rhythmic contraction,Heart muscle cells — contractile units with intrinsic pacemaker ability,23,MYL2
CARDIOMYOCYTE,Heart,MESODERM,5,Clock/timer hardware — autonomous rhythmic contraction,Heart muscle cells — contractile units with intrinsic pacemaker ability,23,MYL3
CARDIOMYOCYTE,Heart,MESODERM,5,Clock/timer hardware — autonomous rhythmic contraction,Heart muscle cells — contractile units with intrinsic pacemaker ability,23,MYL7
CARDIOMYOCYTE,Heart,MESODERM,5,Clock/timer hardware — autonomous rhythmic contraction,Heart muscle cells — contractile units with intrinsic pacemaker ability,23,NKX2-5
CARDIOMYOCYTE,Heart,MESODERM,5,Clock/timer hardware — autonomous rhythmic contraction,Heart muscle cells — contractile units with intrinsic pacemaker ability,23,RYR2
CARDIOMYOCYTE,Heart,MESODERM,5,Clock/timer hardware — autonomous rhythmic contraction,Heart muscle cells — contractile units with intrinsic pacemaker ability,23,SCN5A
CARDIOMYOCYTE,Heart,MESODERM,5,Clock/timer hardware — autonomous rhythmic contraction,Heart muscle cells — contractile units with intrinsic pacemaker ability,23,TBX5
CARDIOMYOCYTE,Heart,MESODERM,5,Clock/timer hardware — autonomous rhythmic contraction,Heart muscle cells — contractile units with intrinsic pacemaker ability,23,TNNC1
CARDIOMYOCYTE,Heart,MESODERM,5,Clock/timer hardware — autonomous rhythmic contraction,Heart muscle cells — contractile units with intrinsic pacemaker ability,23,TNNI3
CARDIOMYOCYTE,Heart,MESODERM,5,Clock/timer hardware — autonomous rhythmic contraction,Heart muscle cells — contractile units with intrinsic pacemaker ability,23,TNNT2
CARDIOMYOCYTE,Heart,MESODERM,5,Clock/timer hardware — autonomous rhythmic contraction,Heart muscle cells — contractile units with intrinsic pacemaker ability,23,TTN
ENDOTHELIAL,Vasculature,MESODERM,5,Network interface card — data bus lining,"Blood vessel lining — vascular barrier, angiogenesis",22,CDH5
ENDOTHELIAL,Vasculature,MESODERM,5,Network interface card — data bus lining,"Blood vessel lining — vascular barrier, angiogenesis",22,DLL4
ENDOTHELIAL,Vasculature,MESODERM,5,Network interface card — data bus lining,"Blood vessel lining — vascular barrier, angiogenesis",22,EFNB2
ENDOTHELIAL,Vasculature,MESODERM,5,Network interface card — data bus lining,"Blood vessel lining — vascular barrier, angiogenesis",22,ENG
ENDOTHELIAL,Vasculature,MESODERM,5,Network interface card — data bus lining,"Blood vessel lining — vascular barrier, angiogenesis",22,EPHB4
ENDOTHELIAL,Vasculature,MESODERM,5,Network interface card — data bus lining,"Blood vessel lining — vascular barrier, angiogenesis",22,ERG
ENDOTHELIAL,Vasculature,MESODERM,5,Network interface card — data bus lining,"Blood vessel lining — vascular barrier, angiogenesis",22,FLI1
ENDOTHELIAL,Vasculature,MESODERM,5,Network interface card — data bus lining,"Blood vessel lining — vascular barrier, angiogenesis",22,FLT1
ENDOTHELIAL,Vasculature,MESODERM,5,Network interface card — data bus lining,"Blood vessel lining — vascular barrier, angiogenesis",22,ICAM1
ENDOTHELIAL,Vasculature,MESODERM,5,Network interface card — data bus lining,"Blood vessel lining — vascular barrier, angiogenesis",22,KDR
ENDOTHELIAL,Vasculature,MESODERM,5,Network interface card — data bus lining,"Blood vessel lining — vascular barrier, angiogenesis",22,MCAM
ENDOTHELIAL,Vasculature,MESODERM,5,Network interface card — data bus lining,"Blood vessel lining — vascular barrier, angiogenesis",22,NOS3
ENDOTHELIAL,Vasculature,MESODERM,5,Network interface card — data bus lining,"Blood vessel lining — vascular barrier, angiogenesis",22,NOTCH1
ENDOTHELIAL,Vasculature,MESODERM,5,Network interface card — data bus lining,"Blood vessel lining — vascular barrier, angiogenesis",22,PECAM1
ENDOTHELIAL,Vasculature,MESODERM,5,Network interface card — data bus lining,"Blood vessel lining — vascular barrier, angiogenesis",22,SELE
ENDOTHELIAL,Vasculature,MESODERM,5,Network interface card — data bus lining,"Blood vessel lining — vascular barrier, angiogenesis",22,SELP
ENDOTHELIAL,Vasculature,MESODERM,5,Network interface card — data bus lining,"Blood vessel lining — vascular barrier, angiogenesis",22,SOX17
ENDOTHELIAL,Vasculature,MESODERM,5,Network interface card — data bus lining,"Blood vessel lining — vascular barrier, angiogenesis",22,SOX18
ENDOTHELIAL,Vasculature,MESODERM,5,Network interface card — data bus lining,"Blood vessel lining — vascular barrier, angiogenesis",22,TEK
ENDOTHELIAL,Vasculature,MESODERM,5,Network interface card — data bus lining,"Blood vessel lining — vascular barrier, angiogenesis",22,TIE1
ENDOTHELIAL,Vasculature,MESODERM,5,Network interface card — data bus lining,"Blood vessel lining — vascular barrier, angiogenesis",22,VCAM1
ENDOTHELIAL,Vasculature,MESODERM,5,Network interface card — data bus lining,"Blood vessel lining — vascular barrier, angiogenesis",22,VWF
ERYTHROCYTE,Blood,MESODERM,5,Oxygen transport packet — carries O2/CO2 payload through network,Red blood cells — oxygen transport,15,ALAS2
ERYTHROCYTE,Blood,MESODERM,5,Oxygen transport packet — carries O2/CO2 payload through network,Red blood cells — oxygen transport,15,ANK1
ERYTHROCYTE,Blood,MESODERM,5,Oxygen transport packet — carries O2/CO2 payload through network,Red blood cells — oxygen transport,15,EPB41
ERYTHROCYTE,Blood,MESODERM,5,Oxygen transport packet — carries O2/CO2 payload through network,Red blood cells — oxygen transport,15,EPB42
ERYTHROCYTE,Blood,MESODERM,5,Oxygen transport packet — carries O2/CO2 payload through network,Red blood cells — oxygen transport,15,EPOR
ERYTHROCYTE,Blood,MESODERM,5,Oxygen transport packet — carries O2/CO2 payload through network,Red blood cells — oxygen transport,15,GATA1
ERYTHROCYTE,Blood,MESODERM,5,Oxygen transport packet — carries O2/CO2 payload through network,Red blood cells — oxygen transport,15,GYPA
ERYTHROCYTE,Blood,MESODERM,5,Oxygen transport packet — carries O2/CO2 payload through network,Red blood cells — oxygen transport,15,HBA1
ERYTHROCYTE,Blood,MESODERM,5,Oxygen transport packet — carries O2/CO2 payload through network,Red blood cells — oxygen transport,15,HBA2
ERYTHROCYTE,Blood,MESODERM,5,Oxygen transport packet — carries O2/CO2 payload through network,Red blood cells — oxygen transport,15,HBB
ERYTHROCYTE,Blood,MESODERM,5,Oxygen transport packet — carries O2/CO2 payload through network,Red blood cells — oxygen transport,15,HBG1
ERYTHROCYTE,Blood,MESODERM,5,Oxygen transport packet — carries O2/CO2 payload through network,Red blood cells — oxygen transport,15,HBG2
ERYTHROCYTE,Blood,MESODERM,5,Oxygen transport packet — carries O2/CO2 payload through network,Red blood cells — oxygen transport,15,KLF1
ERYTHROCYTE,Blood,MESODERM,5,Oxygen transport packet — carries O2/CO2 payload through network,Red blood cells — oxygen transport,15,SLC11A2
ERYTHROCYTE,Blood,MESODERM,5,Oxygen transport packet — carries O2/CO2 payload through network,Red blood cells — oxygen transport,15,SLC4A1
HSC,Bone marrow,MESODERM,5,Master fork() — stem cell that spawns all blood/immune cell types,Hematopoietic stem cells — produce all blood cell lineages,17,BMI1
HSC,Bone marrow,MESODERM,5,Master fork() — stem cell that spawns all blood/immune cell types,Hematopoietic stem cells — produce all blood cell lineages,17,CD34
HSC,Bone marrow,MESODERM,5,Master fork() — stem cell that spawns all blood/immune cell types,Hematopoietic stem cells — produce all blood cell lineages,17,ERG
HSC,Bone marrow,MESODERM,5,Master fork() — stem cell that spawns all blood/immune cell types,Hematopoietic stem cells — produce all blood cell lineages,17,FLT3
HSC,Bone marrow,MESODERM,5,Master fork() — stem cell that spawns all blood/immune cell types,Hematopoietic stem cells — produce all blood cell lineages,17,GATA2
HSC,Bone marrow,MESODERM,5,Master fork() — stem cell that spawns all blood/immune cell types,Hematopoietic stem cells — produce all blood cell lineages,17,GFI1
HSC,Bone marrow,MESODERM,5,Master fork() — stem cell that spawns all blood/immune cell types,Hematopoietic stem cells — produce all blood cell lineages,17,GFI1B
HSC,Bone marrow,MESODERM,5,Master fork() — stem cell that spawns all blood/immune cell types,Hematopoietic stem cells — produce all blood cell lineages,17,HLF
HSC,Bone marrow,MESODERM,5,Master fork() — stem cell that spawns all blood/immune cell types,Hematopoietic stem cells — produce all blood cell lineages,17,HOXA9
HSC,Bone marrow,MESODERM,5,Master fork() — stem cell that spawns all blood/immune cell types,Hematopoietic stem cells — produce all blood cell lineages,17,KIT
HSC,Bone marrow,MESODERM,5,Master fork() — stem cell that spawns all blood/immune cell types,Hematopoietic stem cells — produce all blood cell lineages,17,LMO2
HSC,Bone marrow,MESODERM,5,Master fork() — stem cell that spawns all blood/immune cell types,Hematopoietic stem cells — produce all blood cell lineages,17,MEIS1
HSC,Bone marrow,MESODERM,5,Master fork() — stem cell that spawns all blood/immune cell types,Hematopoietic stem cells — produce all blood cell lineages,17,MLLT3
HSC,Bone marrow,MESODERM,5,Master fork() — stem cell that spawns all blood/immune cell types,Hematopoietic stem cells — produce all blood cell lineages,17,RUNX1
HSC,Bone marrow,MESODERM,5,Master fork() — stem cell that spawns all blood/immune cell types,Hematopoietic stem cells — produce all blood cell lineages,17,SCA1
HSC,Bone marrow,MESODERM,5,Master fork() — stem cell that spawns all blood/immune cell types,Hematopoietic stem cells — produce all blood cell lineages,17,TAL1
HSC,Bone marrow,MESODERM,5,Master fork() — stem cell that spawns all blood/immune cell types,Hematopoietic stem cells — produce all blood cell lineages,17,THY1
PLATELET,Blood,MESODERM,5,Damage repair packet — seals pipe ruptures,Blood clotting fragments,16,F2R
PLATELET,Blood,MESODERM,5,Damage repair packet — seals pipe ruptures,Blood clotting fragments,16,F2RL3
PLATELET,Blood,MESODERM,5,Damage repair packet — seals pipe ruptures,Blood clotting fragments,16,GP1BA
PLATELET,Blood,MESODERM,5,Damage repair packet — seals pipe ruptures,Blood clotting fragments,16,GP1BB
PLATELET,Blood,MESODERM,5,Damage repair packet — seals pipe ruptures,Blood clotting fragments,16,GP5
PLATELET,Blood,MESODERM,5,Damage repair packet — seals pipe ruptures,Blood clotting fragments,16,GP9
PLATELET,Blood,MESODERM,5,Damage repair packet — seals pipe ruptures,Blood clotting fragments,16,ITGA2B
PLATELET,Blood,MESODERM,5,Damage repair packet — seals pipe ruptures,Blood clotting fragments,16,ITGB3
PLATELET,Blood,MESODERM,5,Damage repair packet — seals pipe ruptures,Blood clotting fragments,16,MPL
PLATELET,Blood,MESODERM,5,Damage repair packet — seals pipe ruptures,Blood clotting fragments,16,PF4
PLATELET,Blood,MESODERM,5,Damage repair packet — seals pipe ruptures,Blood clotting fragments,16,PPBP
PLATELET,Blood,MESODERM,5,Damage repair packet — seals pipe ruptures,Blood clotting fragments,16,SELP
PLATELET,Blood,MESODERM,5,Damage repair packet — seals pipe ruptures,Blood clotting fragments,16,TBXA2R
PLATELET,Blood,MESODERM,5,Damage repair packet — seals pipe ruptures,Blood clotting fragments,16,THBS1
PLATELET,Blood,MESODERM,5,Damage repair packet — seals pipe ruptures,Blood clotting fragments,16,TUBB1
PLATELET,Blood,MESODERM,5,Damage repair packet — seals pipe ruptures,Blood clotting fragments,16,VWF
SMOOTH_MUSCLE,Vasculature/GI,MESODERM,5,Pressure regulator — controls flow through pipes,Vascular and visceral smooth muscle,10,ACTA2
SMOOTH_MUSCLE,Vasculature/GI,MESODERM,5,Pressure regulator — controls flow through pipes,Vascular and visceral smooth muscle,10,ACTG2
SMOOTH_MUSCLE,Vasculature/GI,MESODERM,5,Pressure regulator — controls flow through pipes,Vascular and visceral smooth muscle,10,CALD1
SMOOTH_MUSCLE,Vasculature/GI,MESODERM,5,Pressure regulator — controls flow through pipes,Vascular and visceral smooth muscle,10,CNN1
SMOOTH_MUSCLE,Vasculature/GI,MESODERM,5,Pressure regulator — controls flow through pipes,Vascular and visceral smooth muscle,10,DES
SMOOTH_MUSCLE,Vasculature/GI,MESODERM,5,Pressure regulator — controls flow through pipes,Vascular and visceral smooth muscle,10,MYH11
SMOOTH_MUSCLE,Vasculature/GI,MESODERM,5,Pressure regulator — controls flow through pipes,Vascular and visceral smooth muscle,10,MYOCD
SMOOTH_MUSCLE,Vasculature/GI,MESODERM,5,Pressure regulator — controls flow through pipes,Vascular and visceral smooth muscle,10,SMTN
SMOOTH_MUSCLE,Vasculature/GI,MESODERM,5,Pressure regulator — controls flow through pipes,Vascular and visceral smooth muscle,10,SRF
SMOOTH_MUSCLE,Vasculature/GI,MESODERM,5,Pressure regulator — controls flow through pipes,Vascular and visceral smooth muscle,10,TAGLN
CHONDROCYTE,Cartilage,MESODERM,6,Shock absorber — flexible structural component,Cartilage cells,12,ACAN
CHONDROCYTE,Cartilage,MESODERM,6,Shock absorber — flexible structural component,Cartilage cells,12,COL11A1
CHONDROCYTE,Cartilage,MESODERM,6,Shock absorber — flexible structural component,Cartilage cells,12,COL11A2
CHONDROCYTE,Cartilage,MESODERM,6,Shock absorber — flexible structural component,Cartilage cells,12,COL2A1
CHONDROCYTE,Cartilage,MESODERM,6,Shock absorber — flexible structural component,Cartilage cells,12,COL9A1
CHONDROCYTE,Cartilage,MESODERM,6,Shock absorber — flexible structural component,Cartilage cells,12,COMP
CHONDROCYTE,Cartilage,MESODERM,6,Shock absorber — flexible structural component,Cartilage cells,12,FGFR3
CHONDROCYTE,Cartilage,MESODERM,6,Shock absorber — flexible structural component,Cartilage cells,12,GDF5
CHONDROCYTE,Cartilage,MESODERM,6,Shock absorber — flexible structural component,Cartilage cells,12,IHH
CHONDROCYTE,Cartilage,MESODERM,6,Shock absorber — flexible structural component,Cartilage cells,12,MATN3
CHONDROCYTE,Cartilage,MESODERM,6,Shock absorber — flexible structural component,Cartilage cells,12,PTH1R
CHONDROCYTE,Cartilage,MESODERM,6,Shock absorber — flexible structural component,Cartilage cells,12,SOX9
FIBROBLAST,Connective,MESODERM,6,Scaffolding builder — constructs extracellular matrix framework,Connective tissue cells — ECM production,16,ACTA2
FIBROBLAST,Connective,MESODERM,6,Scaffolding builder — constructs extracellular matrix framework,Connective tissue cells — ECM production,16,COL1A1
FIBROBLAST,Connective,MESODERM,6,Scaffolding builder — constructs extracellular matrix framework,Connective tissue cells — ECM production,16,COL1A2
FIBROBLAST,Connective,MESODERM,6,Scaffolding builder — constructs extracellular matrix framework,Connective tissue cells — ECM production,16,COL3A1
FIBROBLAST,Connective,MESODERM,6,Scaffolding builder — constructs extracellular matrix framework,Connective tissue cells — ECM production,16,COL5A1
FIBROBLAST,Connective,MESODERM,6,Scaffolding builder — constructs extracellular matrix framework,Connective tissue cells — ECM production,16,COL6A1
FIBROBLAST,Connective,MESODERM,6,Scaffolding builder — constructs extracellular matrix framework,Connective tissue cells — ECM production,16,DCN
FIBROBLAST,Connective,MESODERM,6,Scaffolding builder — constructs extracellular matrix framework,Connective tissue cells — ECM production,16,FAP
FIBROBLAST,Connective,MESODERM,6,Scaffolding builder — constructs extracellular matrix framework,Connective tissue cells — ECM production,16,FN1
FIBROBLAST,Connective,MESODERM,6,Scaffolding builder — constructs extracellular matrix framework,Connective tissue cells — ECM production,16,FSP1
FIBROBLAST,Connective,MESODERM,6,Scaffolding builder — constructs extracellular matrix framework,Connective tissue cells — ECM production,16,LUM
FIBROBLAST,Connective,MESODERM,6,Scaffolding builder — constructs extracellular matrix framework,Connective tissue cells — ECM production,16,PDGFRA
FIBROBLAST,Connective,MESODERM,6,Scaffolding builder — constructs extracellular matrix framework,Connective tissue cells — ECM production,16,PDGFRB
FIBROBLAST,Connective,MESODERM,6,Scaffolding builder — constructs extracellular matrix framework,Connective tissue cells — ECM production,16,S100A4
FIBROBLAST,Connective,MESODERM,6,Scaffolding builder — constructs extracellular matrix framework,Connective tissue cells — ECM production,16,THY1
FIBROBLAST,Connective,MESODERM,6,Scaffolding builder — constructs extracellular matrix framework,Connective tissue cells — ECM production,16,VIM
OSTEOBLAST,Bone,MESODERM,6,Hardware fabricator — builds structural framework,Bone-forming cells,13,ALPL
OSTEOBLAST,Bone,MESODERM,6,Hardware fabricator — builds structural framework,Bone-forming cells,13,BGLAP
OSTEOBLAST,Bone,MESODERM,6,Hardware fabricator — builds structural framework,Bone-forming cells,13,BMP2
OSTEOBLAST,Bone,MESODERM,6,Hardware fabricator — builds structural framework,Bone-forming cells,13,BMP4
OSTEOBLAST,Bone,MESODERM,6,Hardware fabricator — builds structural framework,Bone-forming cells,13,COL1A1
OSTEOBLAST,Bone,MESODERM,6,Hardware fabricator — builds structural framework,Bone-forming cells,13,COL1A2
OSTEOBLAST,Bone,MESODERM,6,Hardware fabricator — builds structural framework,Bone-forming cells,13,DMP1
OSTEOBLAST,Bone,MESODERM,6,Hardware fabricator — builds structural framework,Bone-forming cells,13,IBSP
OSTEOBLAST,Bone,MESODERM,6,Hardware fabricator — builds structural framework,Bone-forming cells,13,PHEX
OSTEOBLAST,Bone,MESODERM,6,Hardware fabricator — builds structural framework,Bone-forming cells,13,RUNX2
OSTEOBLAST,Bone,MESODERM,6,Hardware fabricator — builds structural framework,Bone-forming cells,13,SOST
OSTEOBLAST,Bone,MESODERM,6,Hardware fabricator — builds structural framework,Bone-forming cells,13,SP7
OSTEOBLAST,Bone,MESODERM,6,Hardware fabricator — builds structural framework,Bone-forming cells,13,SPP1
OSTEOCLAST,Bone,MESODERM,6,Garbage collector — breaks down old hardware for recycling,Bone-resorbing cells — bone remodeling,9,ACP5
OSTEOCLAST,Bone,MESODERM,6,Garbage collector — breaks down old hardware for recycling,Bone-resorbing cells — bone remodeling,9,CSF1R
OSTEOCLAST,Bone,MESODERM,6,Garbage collector — breaks down old hardware for recycling,Bone-resorbing cells — bone remodeling,9,CTSK
OSTEOCLAST,Bone,MESODERM,6,Garbage collector — breaks down old hardware for recycling,Bone-resorbing cells — bone remodeling,9,DCSTAMP
OSTEOCLAST,Bone,MESODERM,6,Garbage collector — breaks down old hardware for recycling,Bone-resorbing cells — bone remodeling,9,ITGB3
OSTEOCLAST,Bone,MESODERM,6,Garbage collector — breaks down old hardware for recycling,Bone-resorbing cells — bone remodeling,9,MMP9
OSTEOCLAST,Bone,MESODERM,6,Garbage collector — breaks down old hardware for recycling,Bone-resorbing cells — bone remodeling,9,NFATC1
OSTEOCLAST,Bone,MESODERM,6,Garbage collector — breaks down old hardware for recycling,Bone-resorbing cells — bone remodeling,9,OSCAR
OSTEOCLAST,Bone,MESODERM,6,Garbage collector — breaks down old hardware for recycling,Bone-resorbing cells — bone remodeling,9,TNFRSF11A
SKELETAL_MUSCLE,Muscle,MESODERM,6,Actuator/servo motor — voluntary movement execution,Striated muscle — voluntary movement,22,ACTA1
SKELETAL_MUSCLE,Muscle,MESODERM,6,Actuator/servo motor — voluntary movement execution,Striated muscle — voluntary movement,22,CASQ1
SKELETAL_MUSCLE,Muscle,MESODERM,6,Actuator/servo motor — voluntary movement execution,Striated muscle — voluntary movement,22,DES
SKELETAL_MUSCLE,Muscle,MESODERM,6,Actuator/servo motor — voluntary movement execution,Striated muscle — voluntary movement,22,DMD
SKELETAL_MUSCLE,Muscle,MESODERM,6,Actuator/servo motor — voluntary movement execution,Striated muscle — voluntary movement,22,MYF5
SKELETAL_MUSCLE,Muscle,MESODERM,6,Actuator/servo motor — voluntary movement execution,Striated muscle — voluntary movement,22,MYF6
SKELETAL_MUSCLE,Muscle,MESODERM,6,Actuator/servo motor — voluntary movement execution,Striated muscle — voluntary movement,22,MYH1
SKELETAL_MUSCLE,Muscle,MESODERM,6,Actuator/servo motor — voluntary movement execution,Striated muscle — voluntary movement,22,MYH2
SKELETAL_MUSCLE,Muscle,MESODERM,6,Actuator/servo motor — voluntary movement execution,Striated muscle — voluntary movement,22,MYH3
SKELETAL_MUSCLE,Muscle,MESODERM,6,Actuator/servo motor — voluntary movement execution,Striated muscle — voluntary movement,22,MYH4
SKELETAL_MUSCLE,Muscle,MESODERM,6,Actuator/servo motor — voluntary movement execution,Striated muscle — voluntary movement,22,MYH8
SKELETAL_MUSCLE,Muscle,MESODERM,6,Actuator/servo motor — voluntary movement execution,Striated muscle — voluntary movement,22,MYOD1
SKELETAL_MUSCLE,Muscle,MESODERM,6,Actuator/servo motor — voluntary movement execution,Striated muscle — voluntary movement,22,MYOG
SKELETAL_MUSCLE,Muscle,MESODERM,6,Actuator/servo motor — voluntary movement execution,Striated muscle — voluntary movement,22,NEB
SKELETAL_MUSCLE,Muscle,MESODERM,6,Actuator/servo motor — voluntary movement execution,Striated muscle — voluntary movement,22,PAX3
SKELETAL_MUSCLE,Muscle,MESODERM,6,Actuator/servo motor — voluntary movement execution,Striated muscle — voluntary movement,22,PAX7
SKELETAL_MUSCLE,Muscle,MESODERM,6,Actuator/servo motor — voluntary movement execution,Striated muscle — voluntary movement,22,RYR1
SKELETAL_MUSCLE,Muscle,MESODERM,6,Actuator/servo motor — voluntary movement execution,Striated muscle — voluntary movement,22,SGCA
SKELETAL_MUSCLE,Muscle,MESODERM,6,Actuator/servo motor — voluntary movement execution,Striated muscle — voluntary movement,22,SGCB
SKELETAL_MUSCLE,Muscle,MESODERM,6,Actuator/servo motor — voluntary movement execution,Striated muscle — voluntary movement,22,SGCD
SKELETAL_MUSCLE,Muscle,MESODERM,6,Actuator/servo motor — voluntary movement execution,Striated muscle — voluntary movement,22,SGCG
SKELETAL_MUSCLE,Muscle,MESODERM,6,Actuator/servo motor — voluntary movement execution,Striated muscle — voluntary movement,22,TTN
BETA_CELL,Pancreas,ENDODERM,7,"Fuel gauge + dispenser — monitors glucose, releases insulin",Insulin-producing pancreatic beta cells,15,ABCC8
BETA_CELL,Pancreas,ENDODERM,7,"Fuel gauge + dispenser — monitors glucose, releases insulin",Insulin-producing pancreatic beta cells,15,GCK
BETA_CELL,Pancreas,ENDODERM,7,"Fuel gauge + dispenser — monitors glucose, releases insulin",Insulin-producing pancreatic beta cells,15,IAPP
BETA_CELL,Pancreas,ENDODERM,7,"Fuel gauge + dispenser — monitors glucose, releases insulin",Insulin-producing pancreatic beta cells,15,INS
BETA_CELL,Pancreas,ENDODERM,7,"Fuel gauge + dispenser — monitors glucose, releases insulin",Insulin-producing pancreatic beta cells,15,KCNJ11
BETA_CELL,Pancreas,ENDODERM,7,"Fuel gauge + dispenser — monitors glucose, releases insulin",Insulin-producing pancreatic beta cells,15,MAFA
BETA_CELL,Pancreas,ENDODERM,7,"Fuel gauge + dispenser — monitors glucose, releases insulin",Insulin-producing pancreatic beta cells,15,NEUROD1
BETA_CELL,Pancreas,ENDODERM,7,"Fuel gauge + dispenser — monitors glucose, releases insulin",Insulin-producing pancreatic beta cells,15,NKX2-2
BETA_CELL,Pancreas,ENDODERM,7,"Fuel gauge + dispenser — monitors glucose, releases insulin",Insulin-producing pancreatic beta cells,15,NKX6-1
BETA_CELL,Pancreas,ENDODERM,7,"Fuel gauge + dispenser — monitors glucose, releases insulin",Insulin-producing pancreatic beta cells,15,PAX6
BETA_CELL,Pancreas,ENDODERM,7,"Fuel gauge + dispenser — monitors glucose, releases insulin",Insulin-producing pancreatic beta cells,15,PCSK1
BETA_CELL,Pancreas,ENDODERM,7,"Fuel gauge + dispenser — monitors glucose, releases insulin",Insulin-producing pancreatic beta cells,15,PCSK2
BETA_CELL,Pancreas,ENDODERM,7,"Fuel gauge + dispenser — monitors glucose, releases insulin",Insulin-producing pancreatic beta cells,15,PDX1
BETA_CELL,Pancreas,ENDODERM,7,"Fuel gauge + dispenser — monitors glucose, releases insulin",Insulin-producing pancreatic beta cells,15,SLC2A2
BETA_CELL,Pancreas,ENDODERM,7,"Fuel gauge + dispenser — monitors glucose, releases insulin",Insulin-producing pancreatic beta cells,15,SLC30A8
ENTEROCYTE,Intestine,ENDODERM,7,Input parser — absorbs and processes nutrients from external input,Intestinal absorptive cells,11,ACE2
ENTEROCYTE,Intestine,ENDODERM,7,Input parser — absorbs and processes nutrients from external input,Intestinal absorptive cells,11,ALPI
ENTEROCYTE,Intestine,ENDODERM,7,Input parser — absorbs and processes nutrients from external input,Intestinal absorptive cells,11,ANPEP
ENTEROCYTE,Intestine,ENDODERM,7,Input parser — absorbs and processes nutrients from external input,Intestinal absorptive cells,11,CDH17
ENTEROCYTE,Intestine,ENDODERM,7,Input parser — absorbs and processes nutrients from external input,Intestinal absorptive cells,11,CDX2
ENTEROCYTE,Intestine,ENDODERM,7,Input parser — absorbs and processes nutrients from external input,Intestinal absorptive cells,11,FABP2
ENTEROCYTE,Intestine,ENDODERM,7,Input parser — absorbs and processes nutrients from external input,Intestinal absorptive cells,11,HNF4G
ENTEROCYTE,Intestine,ENDODERM,7,Input parser — absorbs and processes nutrients from external input,Intestinal absorptive cells,11,SI
ENTEROCYTE,Intestine,ENDODERM,7,Input parser — absorbs and processes nutrients from external input,Intestinal absorptive cells,11,SLC2A5
ENTEROCYTE,Intestine,ENDODERM,7,Input parser — absorbs and processes nutrients from external input,Intestinal absorptive cells,11,SLC5A1
ENTEROCYTE,Intestine,ENDODERM,7,Input parser — absorbs and processes nutrients from external input,Intestinal absorptive cells,11,VIL1
GOBLET_CELL,Intestine/Airway,ENDODERM,7,Lubrication system — protective mucus coating,Mucus-producing cells — barrier protection,9,AGR2
GOBLET_CELL,Intestine/Airway,ENDODERM,7,Lubrication system — protective mucus coating,Mucus-producing cells — barrier protection,9,ATOH1
GOBLET_CELL,Intestine/Airway,ENDODERM,7,Lubrication system — protective mucus coating,Mucus-producing cells — barrier protection,9,CLCA1
GOBLET_CELL,Intestine/Airway,ENDODERM,7,Lubrication system — protective mucus coating,Mucus-producing cells — barrier protection,9,FCGBP
GOBLET_CELL,Intestine/Airway,ENDODERM,7,Lubrication system — protective mucus coating,Mucus-producing cells — barrier protection,9,MUC2
GOBLET_CELL,Intestine/Airway,ENDODERM,7,Lubrication system — protective mucus coating,Mucus-producing cells — barrier protection,9,MUC5AC
GOBLET_CELL,Intestine/Airway,ENDODERM,7,Lubrication system — protective mucus coating,Mucus-producing cells — barrier protection,9,MUC5B
GOBLET_CELL,Intestine/Airway,ENDODERM,7,Lubrication system — protective mucus coating,Mucus-producing cells — barrier protection,9,SPDEF
GOBLET_CELL,Intestine/Airway,ENDODERM,7,Lubrication system — protective mucus coating,Mucus-producing cells — barrier protection,9,TFF3
HAIR_CELL,Inner ear,ECTODERM,7,Acoustic sensor — mechanical-to-electrical transduction,Cochlear and vestibular hair cells,13,ATOH1
HAIR_CELL,Inner ear,ECTODERM,7,Acoustic sensor — mechanical-to-electrical transduction,Cochlear and vestibular hair cells,13,CDH23
HAIR_CELL,Inner ear,ECTODERM,7,Acoustic sensor — mechanical-to-electrical transduction,Cochlear and vestibular hair cells,13,ESPN
HAIR_CELL,Inner ear,ECTODERM,7,Acoustic sensor — mechanical-to-electrical transduction,Cochlear and vestibular hair cells,13,GFI1
HAIR_CELL,Inner ear,ECTODERM,7,Acoustic sensor — mechanical-to-electrical transduction,Cochlear and vestibular hair cells,13,MYO6
HAIR_CELL,Inner ear,ECTODERM,7,Acoustic sensor — mechanical-to-electrical transduction,Cochlear and vestibular hair cells,13,MYO7A
HAIR_CELL,Inner ear,ECTODERM,7,Acoustic sensor — mechanical-to-electrical transduction,Cochlear and vestibular hair cells,13,OTOF
HAIR_CELL,Inner ear,ECTODERM,7,Acoustic sensor — mechanical-to-electrical transduction,Cochlear and vestibular hair cells,13,PCDH15
HAIR_CELL,Inner ear,ECTODERM,7,Acoustic sensor — mechanical-to-electrical transduction,Cochlear and vestibular hair cells,13,POU4F3
HAIR_CELL,Inner ear,ECTODERM,7,Acoustic sensor — mechanical-to-electrical transduction,Cochlear and vestibular hair cells,13,SLC26A5
HAIR_CELL,Inner ear,ECTODERM,7,Acoustic sensor — mechanical-to-electrical transduction,Cochlear and vestibular hair cells,13,TMC1
HAIR_CELL,Inner ear,ECTODERM,7,Acoustic sensor — mechanical-to-electrical transduction,Cochlear and vestibular hair cells,13,TMC2
HAIR_CELL,Inner ear,ECTODERM,7,Acoustic sensor — mechanical-to-electrical transduction,Cochlear and vestibular hair cells,13,TRIOBP
HEPATOCYTE,Liver,ENDODERM,7,"Central processing/metabolism engine — detox, synthesis, storage","Liver parenchymal cells — metabolism, detoxification, protein synthesis",18,AFP
HEPATOCYTE,Liver,ENDODERM,7,"Central processing/metabolism engine — detox, synthesis, storage","Liver parenchymal cells — metabolism, detoxification, protein synthesis",18,ALB
HEPATOCYTE,Liver,ENDODERM,7,"Central processing/metabolism engine — detox, synthesis, storage","Liver parenchymal cells — metabolism, detoxification, protein synthesis",18,APOA1
HEPATOCYTE,Liver,ENDODERM,7,"Central processing/metabolism engine — detox, synthesis, storage","Liver parenchymal cells — metabolism, detoxification, protein synthesis",18,APOB
HEPATOCYTE,Liver,ENDODERM,7,"Central processing/metabolism engine — detox, synthesis, storage","Liver parenchymal cells — metabolism, detoxification, protein synthesis",18,ASGR1
HEPATOCYTE,Liver,ENDODERM,7,"Central processing/metabolism engine — detox, synthesis, storage","Liver parenchymal cells — metabolism, detoxification, protein synthesis",18,ASGR2
HEPATOCYTE,Liver,ENDODERM,7,"Central processing/metabolism engine — detox, synthesis, storage","Liver parenchymal cells — metabolism, detoxification, protein synthesis",18,CYP1A2
HEPATOCYTE,Liver,ENDODERM,7,"Central processing/metabolism engine — detox, synthesis, storage","Liver parenchymal cells — metabolism, detoxification, protein synthesis",18,CYP2D6
HEPATOCYTE,Liver,ENDODERM,7,"Central processing/metabolism engine — detox, synthesis, storage","Liver parenchymal cells — metabolism, detoxification, protein synthesis",18,CYP2E1
HEPATOCYTE,Liver,ENDODERM,7,"Central processing/metabolism engine — detox, synthesis, storage","Liver parenchymal cells — metabolism, detoxification, protein synthesis",18,CYP3A4
HEPATOCYTE,Liver,ENDODERM,7,"Central processing/metabolism engine — detox, synthesis, storage","Liver parenchymal cells — metabolism, detoxification, protein synthesis",18,G6PC
HEPATOCYTE,Liver,ENDODERM,7,"Central processing/metabolism engine — detox, synthesis, storage","Liver parenchymal cells — metabolism, detoxification, protein synthesis",18,HNF1A
HEPATOCYTE,Liver,ENDODERM,7,"Central processing/metabolism engine — detox, synthesis, storage","Liver parenchymal cells — metabolism, detoxification, protein synthesis",18,HNF4A
HEPATOCYTE,Liver,ENDODERM,7,"Central processing/metabolism engine — detox, synthesis, storage","Liver parenchymal cells — metabolism, detoxification, protein synthesis",18,PCK1
HEPATOCYTE,Liver,ENDODERM,7,"Central processing/metabolism engine — detox, synthesis, storage","Liver parenchymal cells — metabolism, detoxification, protein synthesis",18,SERPINA1
HEPATOCYTE,Liver,ENDODERM,7,"Central processing/metabolism engine — detox, synthesis, storage","Liver parenchymal cells — metabolism, detoxification, protein synthesis",18,TAT
HEPATOCYTE,Liver,ENDODERM,7,"Central processing/metabolism engine — detox, synthesis, storage","Liver parenchymal cells — metabolism, detoxification, protein synthesis",18,TF
HEPATOCYTE,Liver,ENDODERM,7,"Central processing/metabolism engine — detox, synthesis, storage","Liver parenchymal cells — metabolism, detoxification, protein synthesis",18,UGT1A1
PHOTORECEPTOR,Retina,ECTODERM,7,Optical sensor — light-to-electrical signal transduction,Rod and cone photoreceptors,18,CNGA1
PHOTORECEPTOR,Retina,ECTODERM,7,Optical sensor — light-to-electrical signal transduction,Rod and cone photoreceptors,18,CRX
PHOTORECEPTOR,Retina,ECTODERM,7,Optical sensor — light-to-electrical signal transduction,Rod and cone photoreceptors,18,GNAT1
PHOTORECEPTOR,Retina,ECTODERM,7,Optical sensor — light-to-electrical signal transduction,Rod and cone photoreceptors,18,GRK1
PHOTORECEPTOR,Retina,ECTODERM,7,Optical sensor — light-to-electrical signal transduction,Rod and cone photoreceptors,18,NR2E3
PHOTORECEPTOR,Retina,ECTODERM,7,Optical sensor — light-to-electrical signal transduction,Rod and cone photoreceptors,18,NRL
PHOTORECEPTOR,Retina,ECTODERM,7,Optical sensor — light-to-electrical signal transduction,Rod and cone photoreceptors,18,OPN1LW
PHOTORECEPTOR,Retina,ECTODERM,7,Optical sensor — light-to-electrical signal transduction,Rod and cone photoreceptors,18,OPN1MW
PHOTORECEPTOR,Retina,ECTODERM,7,Optical sensor — light-to-electrical signal transduction,Rod and cone photoreceptors,18,OPN1SW
PHOTORECEPTOR,Retina,ECTODERM,7,Optical sensor — light-to-electrical signal transduction,Rod and cone photoreceptors,18,PDE6A
PHOTORECEPTOR,Retina,ECTODERM,7,Optical sensor — light-to-electrical signal transduction,Rod and cone photoreceptors,18,PDE6B
PHOTORECEPTOR,Retina,ECTODERM,7,Optical sensor — light-to-electrical signal transduction,Rod and cone photoreceptors,18,PRPH2
PHOTORECEPTOR,Retina,ECTODERM,7,Optical sensor — light-to-electrical signal transduction,Rod and cone photoreceptors,18,RCVRN
PHOTORECEPTOR,Retina,ECTODERM,7,Optical sensor — light-to-electrical signal transduction,Rod and cone photoreceptors,18,RHO
PHOTORECEPTOR,Retina,ECTODERM,7,Optical sensor — light-to-electrical signal transduction,Rod and cone photoreceptors,18,ROM1
PHOTORECEPTOR,Retina,ECTODERM,7,Optical sensor — light-to-electrical signal transduction,Rod and cone photoreceptors,18,RP1
PHOTORECEPTOR,Retina,ECTODERM,7,Optical sensor — light-to-electrical signal transduction,Rod and cone photoreceptors,18,RPGR
PHOTORECEPTOR,Retina,ECTODERM,7,Optical sensor — light-to-electrical signal transduction,Rod and cone photoreceptors,18,SAG
PNEUMOCYTE_I,Lung,ENDODERM,7,Thin membrane interface — gas exchange surface,Alveolar type I — gas exchange (95% of alveolar surface),7,AGER
PNEUMOCYTE_I,Lung,ENDODERM,7,Thin membrane interface — gas exchange surface,Alveolar type I — gas exchange (95% of alveolar surface),7,AQP5
PNEUMOCYTE_I,Lung,ENDODERM,7,Thin membrane interface — gas exchange surface,Alveolar type I — gas exchange (95% of alveolar surface),7,CAV1
PNEUMOCYTE_I,Lung,ENDODERM,7,Thin membrane interface — gas exchange surface,Alveolar type I — gas exchange (95% of alveolar surface),7,CLIC5
PNEUMOCYTE_I,Lung,ENDODERM,7,Thin membrane interface — gas exchange surface,Alveolar type I — gas exchange (95% of alveolar surface),7,EMP2
PNEUMOCYTE_I,Lung,ENDODERM,7,Thin membrane interface — gas exchange surface,Alveolar type I — gas exchange (95% of alveolar surface),7,HOPX
PNEUMOCYTE_I,Lung,ENDODERM,7,Thin membrane interface — gas exchange surface,Alveolar type I — gas exchange (95% of alveolar surface),7,PDPN
PODOCYTE,Kidney,MESODERM,7,Fine filter — selective permeability barrier,Glomerular filtration cells,11,ACTN4
PODOCYTE,Kidney,MESODERM,7,Fine filter — selective permeability barrier,Glomerular filtration cells,11,CD2AP
PODOCYTE,Kidney,MESODERM,7,Fine filter — selective permeability barrier,Glomerular filtration cells,11,INF2
PODOCYTE,Kidney,MESODERM,7,Fine filter — selective permeability barrier,Glomerular filtration cells,11,MYO1E
PODOCYTE,Kidney,MESODERM,7,Fine filter — selective permeability barrier,Glomerular filtration cells,11,NPHS1
PODOCYTE,Kidney,MESODERM,7,Fine filter — selective permeability barrier,Glomerular filtration cells,11,NPHS2
PODOCYTE,Kidney,MESODERM,7,Fine filter — selective permeability barrier,Glomerular filtration cells,11,PLCE1
PODOCYTE,Kidney,MESODERM,7,Fine filter — selective permeability barrier,Glomerular filtration cells,11,PODXL
PODOCYTE,Kidney,MESODERM,7,Fine filter — selective permeability barrier,Glomerular filtration cells,11,SYNPO
PODOCYTE,Kidney,MESODERM,7,Fine filter — selective permeability barrier,Glomerular filtration cells,11,TRPC6
PODOCYTE,Kidney,MESODERM,7,Fine filter — selective permeability barrier,Glomerular filtration cells,11,WT1
B_CELL,Bone marrow/Spleen,MESODERM,8,Antibody factory — produces targeted security tokens,Antibody-producing immune cells,18,AICDA
B_CELL,Bone marrow/Spleen,MESODERM,8,Antibody factory — produces targeted security tokens,Antibody-producing immune cells,18,BCL6
B_CELL,Bone marrow/Spleen,MESODERM,8,Antibody factory — produces targeted security tokens,Antibody-producing immune cells,18,BLIMP1
B_CELL,Bone marrow/Spleen,MESODERM,8,Antibody factory — produces targeted security tokens,Antibody-producing immune cells,18,CD19
B_CELL,Bone marrow/Spleen,MESODERM,8,Antibody factory — produces targeted security tokens,Antibody-producing immune cells,18,CD20
B_CELL,Bone marrow/Spleen,MESODERM,8,Antibody factory — produces targeted security tokens,Antibody-producing immune cells,18,CD27
B_CELL,Bone marrow/Spleen,MESODERM,8,Antibody factory — produces targeted security tokens,Antibody-producing immune cells,18,CD38
B_CELL,Bone marrow/Spleen,MESODERM,8,Antibody factory — produces targeted security tokens,Antibody-producing immune cells,18,CD79A
B_CELL,Bone marrow/Spleen,MESODERM,8,Antibody factory — produces targeted security tokens,Antibody-producing immune cells,18,CD79B
B_CELL,Bone marrow/Spleen,MESODERM,8,Antibody factory — produces targeted security tokens,Antibody-producing immune cells,18,EBF1
B_CELL,Bone marrow/Spleen,MESODERM,8,Antibody factory — produces targeted security tokens,Antibody-producing immune cells,18,IGHD
B_CELL,Bone marrow/Spleen,MESODERM,8,Antibody factory — produces targeted security tokens,Antibody-producing immune cells,18,IGHM
B_CELL,Bone marrow/Spleen,MESODERM,8,Antibody factory — produces targeted security tokens,Antibody-producing immune cells,18,IRF4
B_CELL,Bone marrow/Spleen,MESODERM,8,Antibody factory — produces targeted security tokens,Antibody-producing immune cells,18,MS4A1
B_CELL,Bone marrow/Spleen,MESODERM,8,Antibody factory — produces targeted security tokens,Antibody-producing immune cells,18,PAX5
B_CELL,Bone marrow/Spleen,MESODERM,8,Antibody factory — produces targeted security tokens,Antibody-producing immune cells,18,PRDM1
B_CELL,Bone marrow/Spleen,MESODERM,8,Antibody factory — produces targeted security tokens,Antibody-producing immune cells,18,SDC1
B_CELL,Bone marrow/Spleen,MESODERM,8,Antibody factory — produces targeted security tokens,Antibody-producing immune cells,18,XBP1
DENDRITIC_CELL,Multiple,MESODERM,8,Intelligence briefer — presents threat intel to adaptive system,Professional antigen-presenting cells,13,BATF3
DENDRITIC_CELL,Multiple,MESODERM,8,Intelligence briefer — presents threat intel to adaptive system,Professional antigen-presenting cells,13,CD1C
DENDRITIC_CELL,Multiple,MESODERM,8,Intelligence briefer — presents threat intel to adaptive system,Professional antigen-presenting cells,13,CD80
DENDRITIC_CELL,Multiple,MESODERM,8,Intelligence briefer — presents threat intel to adaptive system,Professional antigen-presenting cells,13,CD86
DENDRITIC_CELL,Multiple,MESODERM,8,Intelligence briefer — presents threat intel to adaptive system,Professional antigen-presenting cells,13,CLEC9A
DENDRITIC_CELL,Multiple,MESODERM,8,Intelligence briefer — presents threat intel to adaptive system,Professional antigen-presenting cells,13,FCER1A
DENDRITIC_CELL,Multiple,MESODERM,8,Intelligence briefer — presents threat intel to adaptive system,Professional antigen-presenting cells,13,FLT3
DENDRITIC_CELL,Multiple,MESODERM,8,Intelligence briefer — presents threat intel to adaptive system,Professional antigen-presenting cells,13,HLA-DRA
DENDRITIC_CELL,Multiple,MESODERM,8,Intelligence briefer — presents threat intel to adaptive system,Professional antigen-presenting cells,13,IRF4
DENDRITIC_CELL,Multiple,MESODERM,8,Intelligence briefer — presents threat intel to adaptive system,Professional antigen-presenting cells,13,IRF8
DENDRITIC_CELL,Multiple,MESODERM,8,Intelligence briefer — presents threat intel to adaptive system,Professional antigen-presenting cells,13,ITGAX
DENDRITIC_CELL,Multiple,MESODERM,8,Intelligence briefer — presents threat intel to adaptive system,Professional antigen-presenting cells,13,SIGLEC6
DENDRITIC_CELL,Multiple,MESODERM,8,Intelligence briefer — presents threat intel to adaptive system,Professional antigen-presenting cells,13,XCR1
MACROPHAGE,Multiple,MESODERM,8,Cleanup daemon + antigen presenter — phagocytosis + alerting,Innate immune phagocytes — debris clearance + antigen presentation,14,ADGRE1
MACROPHAGE,Multiple,MESODERM,8,Cleanup daemon + antigen presenter — phagocytosis + alerting,Innate immune phagocytes — debris clearance + antigen presentation,14,AXL
MACROPHAGE,Multiple,MESODERM,8,Cleanup daemon + antigen presenter — phagocytosis + alerting,Innate immune phagocytes — debris clearance + antigen presentation,14,CD14
MACROPHAGE,Multiple,MESODERM,8,Cleanup daemon + antigen presenter — phagocytosis + alerting,Innate immune phagocytes — debris clearance + antigen presentation,14,CD163
MACROPHAGE,Multiple,MESODERM,8,Cleanup daemon + antigen presenter — phagocytosis + alerting,Innate immune phagocytes — debris clearance + antigen presentation,14,CD68
MACROPHAGE,Multiple,MESODERM,8,Cleanup daemon + antigen presenter — phagocytosis + alerting,Innate immune phagocytes — debris clearance + antigen presentation,14,CSF1R
MACROPHAGE,Multiple,MESODERM,8,Cleanup daemon + antigen presenter — phagocytosis + alerting,Innate immune phagocytes — debris clearance + antigen presentation,14,FCGR1A
MACROPHAGE,Multiple,MESODERM,8,Cleanup daemon + antigen presenter — phagocytosis + alerting,Innate immune phagocytes — debris clearance + antigen presentation,14,FCGR3A
MACROPHAGE,Multiple,MESODERM,8,Cleanup daemon + antigen presenter — phagocytosis + alerting,Innate immune phagocytes — debris clearance + antigen presentation,14,ITGAM
MACROPHAGE,Multiple,MESODERM,8,Cleanup daemon + antigen presenter — phagocytosis + alerting,Innate immune phagocytes — debris clearance + antigen presentation,14,MARCO
MACROPHAGE,Multiple,MESODERM,8,Cleanup daemon + antigen presenter — phagocytosis + alerting,Innate immune phagocytes — debris clearance + antigen presentation,14,MERTK
MACROPHAGE,Multiple,MESODERM,8,Cleanup daemon + antigen presenter — phagocytosis + alerting,Innate immune phagocytes — debris clearance + antigen presentation,14,MRC1
MACROPHAGE,Multiple,MESODERM,8,Cleanup daemon + antigen presenter — phagocytosis + alerting,Innate immune phagocytes — debris clearance + antigen presentation,14,MSR1
MACROPHAGE,Multiple,MESODERM,8,Cleanup daemon + antigen presenter — phagocytosis + alerting,Innate immune phagocytes — debris clearance + antigen presentation,14,TYROBP
MICROGLIA,Brain,MESODERM,8,"Security scanner — monitors for threats, clears debris",Brain-resident macrophages — immune surveillance + synapse pruning,11,AIF1
MICROGLIA,Brain,MESODERM,8,"Security scanner — monitors for threats, clears debris",Brain-resident macrophages — immune surveillance + synapse pruning,11,CSF1R
MICROGLIA,Brain,MESODERM,8,"Security scanner — monitors for threats, clears debris",Brain-resident macrophages — immune surveillance + synapse pruning,11,CX3CR1
MICROGLIA,Brain,MESODERM,8,"Security scanner — monitors for threats, clears debris",Brain-resident macrophages — immune surveillance + synapse pruning,11,HEXB
MICROGLIA,Brain,MESODERM,8,"Security scanner — monitors for threats, clears debris",Brain-resident macrophages — immune surveillance + synapse pruning,11,ITGAM
MICROGLIA,Brain,MESODERM,8,"Security scanner — monitors for threats, clears debris",Brain-resident macrophages — immune surveillance + synapse pruning,11,P2RY12
MICROGLIA,Brain,MESODERM,8,"Security scanner — monitors for threats, clears debris",Brain-resident macrophages — immune surveillance + synapse pruning,11,SALL1
MICROGLIA,Brain,MESODERM,8,"Security scanner — monitors for threats, clears debris",Brain-resident macrophages — immune surveillance + synapse pruning,11,SPI1
MICROGLIA,Brain,MESODERM,8,"Security scanner — monitors for threats, clears debris",Brain-resident macrophages — immune surveillance + synapse pruning,11,TMEM119
MICROGLIA,Brain,MESODERM,8,"Security scanner — monitors for threats, clears debris",Brain-resident macrophages — immune surveillance + synapse pruning,11,TREM2
MICROGLIA,Brain,MESODERM,8,"Security scanner — monitors for threats, clears debris",Brain-resident macrophages — immune surveillance + synapse pruning,11,TYROBP
NK_CELL,Blood/Spleen,MESODERM,8,First responder — kills on suspicion without prior training,Natural killer cells — innate cytotoxic lymphocytes,13,EOMES
NK_CELL,Blood/Spleen,MESODERM,8,First responder — kills on suspicion without prior training,Natural killer cells — innate cytotoxic lymphocytes,13,FCGR3A
NK_CELL,Blood/Spleen,MESODERM,8,First responder — kills on suspicion without prior training,Natural killer cells — innate cytotoxic lymphocytes,13,GZMA
NK_CELL,Blood/Spleen,MESODERM,8,First responder — kills on suspicion without prior training,Natural killer cells — innate cytotoxic lymphocytes,13,GZMB
NK_CELL,Blood/Spleen,MESODERM,8,First responder — kills on suspicion without prior training,Natural killer cells — innate cytotoxic lymphocytes,13,IFNG
NK_CELL,Blood/Spleen,MESODERM,8,First responder — kills on suspicion without prior training,Natural killer cells — innate cytotoxic lymphocytes,13,IL2RB
NK_CELL,Blood/Spleen,MESODERM,8,First responder — kills on suspicion without prior training,Natural killer cells — innate cytotoxic lymphocytes,13,KLRB1
NK_CELL,Blood/Spleen,MESODERM,8,First responder — kills on suspicion without prior training,Natural killer cells — innate cytotoxic lymphocytes,13,KLRD1
NK_CELL,Blood/Spleen,MESODERM,8,First responder — kills on suspicion without prior training,Natural killer cells — innate cytotoxic lymphocytes,13,KLRK1
NK_CELL,Blood/Spleen,MESODERM,8,First responder — kills on suspicion without prior training,Natural killer cells — innate cytotoxic lymphocytes,13,NCAM1
NK_CELL,Blood/Spleen,MESODERM,8,First responder — kills on suspicion without prior training,Natural killer cells — innate cytotoxic lymphocytes,13,NCR1
NK_CELL,Blood/Spleen,MESODERM,8,First responder — kills on suspicion without prior training,Natural killer cells — innate cytotoxic lymphocytes,13,PRF1
NK_CELL,Blood/Spleen,MESODERM,8,First responder — kills on suspicion without prior training,Natural killer cells — innate cytotoxic lymphocytes,13,TBX21
T_CELL,Thymus/Blood,MESODERM,8,Adaptive security agent — trained threat detector,Adaptive immune cells — antigen-specific defense,22,BCL11B
T_CELL,Thymus/Blood,MESODERM,8,Adaptive security agent — trained threat detector,Adaptive immune cells — antigen-specific defense,22,CD28
T_CELL,Thymus/Blood,MESODERM,8,Adaptive security agent — trained threat detector,Adaptive immune cells — antigen-specific defense,22,CD3D
T_CELL,Thymus/Blood,MESODERM,8,Adaptive security agent — trained threat detector,Adaptive immune cells — antigen-specific defense,22,CD3E
T_CELL,Thymus/Blood,MESODERM,8,Adaptive security agent — trained threat detector,Adaptive immune cells — antigen-specific defense,22,CD3G
T_CELL,Thymus/Blood,MESODERM,8,Adaptive security agent — trained threat detector,Adaptive immune cells — antigen-specific defense,22,CD4
T_CELL,Thymus/Blood,MESODERM,8,Adaptive security agent — trained threat detector,Adaptive immune cells — antigen-specific defense,22,CD8A
T_CELL,Thymus/Blood,MESODERM,8,Adaptive security agent — trained threat detector,Adaptive immune cells — antigen-specific defense,22,CD8B
T_CELL,Thymus/Blood,MESODERM,8,Adaptive security agent — trained threat detector,Adaptive immune cells — antigen-specific defense,22,CTLA4
T_CELL,Thymus/Blood,MESODERM,8,Adaptive security agent — trained threat detector,Adaptive immune cells — antigen-specific defense,22,FOXP3
T_CELL,Thymus/Blood,MESODERM,8,Adaptive security agent — trained threat detector,Adaptive immune cells — antigen-specific defense,22,GATA3
T_CELL,Thymus/Blood,MESODERM,8,Adaptive security agent — trained threat detector,Adaptive immune cells — antigen-specific defense,22,IFNG
T_CELL,Thymus/Blood,MESODERM,8,Adaptive security agent — trained threat detector,Adaptive immune cells — antigen-specific defense,22,IL17A
T_CELL,Thymus/Blood,MESODERM,8,Adaptive security agent — trained threat detector,Adaptive immune cells — antigen-specific defense,22,IL2RA
T_CELL,Thymus/Blood,MESODERM,8,Adaptive security agent — trained threat detector,Adaptive immune cells — antigen-specific defense,22,IL4
T_CELL,Thymus/Blood,MESODERM,8,Adaptive security agent — trained threat detector,Adaptive immune cells — antigen-specific defense,22,IL7R
T_CELL,Thymus/Blood,MESODERM,8,Adaptive security agent — trained threat detector,Adaptive immune cells — antigen-specific defense,22,LAG3
T_CELL,Thymus/Blood,MESODERM,8,Adaptive security agent — trained threat detector,Adaptive immune cells — antigen-specific defense,22,LEF1
T_CELL,Thymus/Blood,MESODERM,8,Adaptive security agent — trained threat detector,Adaptive immune cells — antigen-specific defense,22,PDCD1
T_CELL,Thymus/Blood,MESODERM,8,Adaptive security agent — trained threat detector,Adaptive immune cells — antigen-specific defense,22,RORC
T_CELL,Thymus/Blood,MESODERM,8,Adaptive security agent — trained threat detector,Adaptive immune cells — antigen-specific defense,22,TBX21
T_CELL,Thymus/Blood,MESODERM,8,Adaptive security agent — trained threat detector,Adaptive immune cells — antigen-specific defense,22,TCF7
OOGONIA,Ovary,MESODERM,9,Egg cell factory — produces oocytes with full genome copy,Female germ cell precursors,14,BMP15
OOGONIA,Ovary,MESODERM,9,Egg cell factory — produces oocytes with full genome copy,Female germ cell precursors,14,DAZL
OOGONIA,Ovary,MESODERM,9,Egg cell factory — produces oocytes with full genome copy,Female germ cell precursors,14,DDX4
OOGONIA,Ovary,MESODERM,9,Egg cell factory — produces oocytes with full genome copy,Female germ cell precursors,14,FIGLA
OOGONIA,Ovary,MESODERM,9,Egg cell factory — produces oocytes with full genome copy,Female germ cell precursors,14,FOXL2
OOGONIA,Ovary,MESODERM,9,Egg cell factory — produces oocytes with full genome copy,Female germ cell precursors,14,GDF9
OOGONIA,Ovary,MESODERM,9,Egg cell factory — produces oocytes with full genome copy,Female germ cell precursors,14,LHX8
OOGONIA,Ovary,MESODERM,9,Egg cell factory — produces oocytes with full genome copy,Female germ cell precursors,14,NOBOX
OOGONIA,Ovary,MESODERM,9,Egg cell factory — produces oocytes with full genome copy,Female germ cell precursors,14,SOHLH1
OOGONIA,Ovary,MESODERM,9,Egg cell factory — produces oocytes with full genome copy,Female germ cell precursors,14,SOHLH2
OOGONIA,Ovary,MESODERM,9,Egg cell factory — produces oocytes with full genome copy,Female germ cell precursors,14,SYCP3
OOGONIA,Ovary,MESODERM,9,Egg cell factory — produces oocytes with full genome copy,Female germ cell precursors,14,ZP1
OOGONIA,Ovary,MESODERM,9,Egg cell factory — produces oocytes with full genome copy,Female germ cell precursors,14,ZP2
OOGONIA,Ovary,MESODERM,9,Egg cell factory — produces oocytes with full genome copy,Female germ cell precursors,14,ZP3
SPERMATOGONIA,Testis,MESODERM,9,Replication fork — stem cells for gamete production,Male germ cell precursors,15,DAZL
SPERMATOGONIA,Testis,MESODERM,9,Replication fork — stem cells for gamete production,Male germ cell precursors,15,DDX4
SPERMATOGONIA,Testis,MESODERM,9,Replication fork — stem cells for gamete production,Male germ cell precursors,15,DMC1
SPERMATOGONIA,Testis,MESODERM,9,Replication fork — stem cells for gamete production,Male germ cell precursors,15,GFRa1
SPERMATOGONIA,Testis,MESODERM,9,Replication fork — stem cells for gamete production,Male germ cell precursors,15,ID4
SPERMATOGONIA,Testis,MESODERM,9,Replication fork — stem cells for gamete production,Male germ cell precursors,15,KIT
SPERMATOGONIA,Testis,MESODERM,9,Replication fork — stem cells for gamete production,Male germ cell precursors,15,NANOS2
SPERMATOGONIA,Testis,MESODERM,9,Replication fork — stem cells for gamete production,Male germ cell precursors,15,NANOS3
SPERMATOGONIA,Testis,MESODERM,9,Replication fork — stem cells for gamete production,Male germ cell precursors,15,PIWIL1
SPERMATOGONIA,Testis,MESODERM,9,Replication fork — stem cells for gamete production,Male germ cell precursors,15,PIWIL2
SPERMATOGONIA,Testis,MESODERM,9,Replication fork — stem cells for gamete production,Male germ cell precursors,15,PLZF
SPERMATOGONIA,Testis,MESODERM,9,Replication fork — stem cells for gamete production,Male germ cell precursors,15,STRA8
SPERMATOGONIA,Testis,MESODERM,9,Replication fork — stem cells for gamete production,Male germ cell precursors,15,SYCP3
SPERMATOGONIA,Testis,MESODERM,9,Replication fork — stem cells for gamete production,Male germ cell precursors,15,UTF1
SPERMATOGONIA,Testis,MESODERM,9,Replication fork — stem cells for gamete production,Male germ cell precursors,15,ZBTB16
KERATINOCYTE,Skin,ECTODERM,10,Container hull plating — structural barrier cells,Skin barrier cells — produce keratin,14,DSC1
KERATINOCYTE,Skin,ECTODERM,10,Container hull plating — structural barrier cells,Skin barrier cells — produce keratin,14,DSC3
KERATINOCYTE,Skin,ECTODERM,10,Container hull plating — structural barrier cells,Skin barrier cells — produce keratin,14,DSG1
KERATINOCYTE,Skin,ECTODERM,10,Container hull plating — structural barrier cells,Skin barrier cells — produce keratin,14,DSG3
KERATINOCYTE,Skin,ECTODERM,10,Container hull plating — structural barrier cells,Skin barrier cells — produce keratin,14,FLG
KERATINOCYTE,Skin,ECTODERM,10,Container hull plating — structural barrier cells,Skin barrier cells — produce keratin,14,IVL
KERATINOCYTE,Skin,ECTODERM,10,Container hull plating — structural barrier cells,Skin barrier cells — produce keratin,14,KLF4
KERATINOCYTE,Skin,ECTODERM,10,Container hull plating — structural barrier cells,Skin barrier cells — produce keratin,14,KRT1
KERATINOCYTE,Skin,ECTODERM,10,Container hull plating — structural barrier cells,Skin barrier cells — produce keratin,14,KRT10
KERATINOCYTE,Skin,ECTODERM,10,Container hull plating — structural barrier cells,Skin barrier cells — produce keratin,14,KRT14
KERATINOCYTE,Skin,ECTODERM,10,Container hull plating — structural barrier cells,Skin barrier cells — produce keratin,14,KRT15
KERATINOCYTE,Skin,ECTODERM,10,Container hull plating — structural barrier cells,Skin barrier cells — produce keratin,14,KRT5
KERATINOCYTE,Skin,ECTODERM,10,Container hull plating — structural barrier cells,Skin barrier cells — produce keratin,14,LOR
KERATINOCYTE,Skin,ECTODERM,10,Container hull plating — structural barrier cells,Skin barrier cells — produce keratin,14,TP63
MELANOCYTE,Skin,ECTODERM,10,UV shield generator — radiation protection coating,Pigment-producing cells — UV protection,12,DCT
MELANOCYTE,Skin,ECTODERM,10,UV shield generator — radiation protection coating,Pigment-producing cells — UV protection,12,EDNRB
MELANOCYTE,Skin,ECTODERM,10,UV shield generator — radiation protection coating,Pigment-producing cells — UV protection,12,KIT
MELANOCYTE,Skin,ECTODERM,10,UV shield generator — radiation protection coating,Pigment-producing cells — UV protection,12,MC1R
MELANOCYTE,Skin,ECTODERM,10,UV shield generator — radiation protection coating,Pigment-producing cells — UV protection,12,MITF
MELANOCYTE,Skin,ECTODERM,10,UV shield generator — radiation protection coating,Pigment-producing cells — UV protection,12,MLANA
MELANOCYTE,Skin,ECTODERM,10,UV shield generator — radiation protection coating,Pigment-producing cells — UV protection,12,PAX3
MELANOCYTE,Skin,ECTODERM,10,UV shield generator — radiation protection coating,Pigment-producing cells — UV protection,12,PMEL
MELANOCYTE,Skin,ECTODERM,10,UV shield generator — radiation protection coating,Pigment-producing cells — UV protection,12,SLC45A2
MELANOCYTE,Skin,ECTODERM,10,UV shield generator — radiation protection coating,Pigment-producing cells — UV protection,12,SOX10
MELANOCYTE,Skin,ECTODERM,10,UV shield generator — radiation protection coating,Pigment-producing cells — UV protection,12,TYR
MELANOCYTE,Skin,ECTODERM,10,UV shield generator — radiation protection coating,Pigment-producing cells — UV protection,12,TYRP1
ADIPOCYTE,Fat,MESODERM,11,Energy storage unit — fuel depot + thermal insulation,Fat cells — energy storage and endocrine function,14,ADIPOQ
ADIPOCYTE,Fat,MESODERM,11,Energy storage unit — fuel depot + thermal insulation,Fat cells — energy storage and endocrine function,14,CEBPA
ADIPOCYTE,Fat,MESODERM,11,Energy storage unit — fuel depot + thermal insulation,Fat cells — energy storage and endocrine function,14,CIDEA
ADIPOCYTE,Fat,MESODERM,11,Energy storage unit — fuel depot + thermal insulation,Fat cells — energy storage and endocrine function,14,DGAT2
ADIPOCYTE,Fat,MESODERM,11,Energy storage unit — fuel depot + thermal insulation,Fat cells — energy storage and endocrine function,14,DIO2
ADIPOCYTE,Fat,MESODERM,11,Energy storage unit — fuel depot + thermal insulation,Fat cells — energy storage and endocrine function,14,FABP4
ADIPOCYTE,Fat,MESODERM,11,Energy storage unit — fuel depot + thermal insulation,Fat cells — energy storage and endocrine function,14,FASN
ADIPOCYTE,Fat,MESODERM,11,Energy storage unit — fuel depot + thermal insulation,Fat cells — energy storage and endocrine function,14,LEP
ADIPOCYTE,Fat,MESODERM,11,Energy storage unit — fuel depot + thermal insulation,Fat cells — energy storage and endocrine function,14,LPL
ADIPOCYTE,Fat,MESODERM,11,Energy storage unit — fuel depot + thermal insulation,Fat cells — energy storage and endocrine function,14,PLIN1
ADIPOCYTE,Fat,MESODERM,11,Energy storage unit — fuel depot + thermal insulation,Fat cells — energy storage and endocrine function,14,PPARG
ADIPOCYTE,Fat,MESODERM,11,Energy storage unit — fuel depot + thermal insulation,Fat cells — energy storage and endocrine function,14,PRDM16
ADIPOCYTE,Fat,MESODERM,11,Energy storage unit — fuel depot + thermal insulation,Fat cells — energy storage and endocrine function,14,SLC2A4
ADIPOCYTE,Fat,MESODERM,11,Energy storage unit — fuel depot + thermal insulation,Fat cells — energy storage and endocrine function,14,UCP1
OLIGODENDROCYTE,Brain,ECTODERM,11,Network infrastructure — signal insulation (myelination),Myelin-producing cells — axon insulation for fast conduction,14,CLDN11
OLIGODENDROCYTE,Brain,ECTODERM,11,Network infrastructure — signal insulation (myelination),Myelin-producing cells — axon insulation for fast conduction,14,CNP
OLIGODENDROCYTE,Brain,ECTODERM,11,Network infrastructure — signal insulation (myelination),Myelin-producing cells — axon insulation for fast conduction,14,FA2H
OLIGODENDROCYTE,Brain,ECTODERM,11,Network infrastructure — signal insulation (myelination),Myelin-producing cells — axon insulation for fast conduction,14,MAG
OLIGODENDROCYTE,Brain,ECTODERM,11,Network infrastructure — signal insulation (myelination),Myelin-producing cells — axon insulation for fast conduction,14,MBP
OLIGODENDROCYTE,Brain,ECTODERM,11,Network infrastructure — signal insulation (myelination),Myelin-producing cells — axon insulation for fast conduction,14,MOBP
OLIGODENDROCYTE,Brain,ECTODERM,11,Network infrastructure — signal insulation (myelination),Myelin-producing cells — axon insulation for fast conduction,14,MOG
OLIGODENDROCYTE,Brain,ECTODERM,11,Network infrastructure — signal insulation (myelination),Myelin-producing cells — axon insulation for fast conduction,14,MYRF
OLIGODENDROCYTE,Brain,ECTODERM,11,Network infrastructure — signal insulation (myelination),Myelin-producing cells — axon insulation for fast conduction,14,NKX2-2
OLIGODENDROCYTE,Brain,ECTODERM,11,Network infrastructure — signal insulation (myelination),Myelin-producing cells — axon insulation for fast conduction,14,OLIG1
OLIGODENDROCYTE,Brain,ECTODERM,11,Network infrastructure — signal insulation (myelination),Myelin-producing cells — axon insulation for fast conduction,14,OLIG2
OLIGODENDROCYTE,Brain,ECTODERM,11,Network infrastructure — signal insulation (myelination),Myelin-producing cells — axon insulation for fast conduction,14,PLP1
OLIGODENDROCYTE,Brain,ECTODERM,11,Network infrastructure — signal insulation (myelination),Myelin-producing cells — axon insulation for fast conduction,14,SOX10
OLIGODENDROCYTE,Brain,ECTODERM,11,Network infrastructure — signal insulation (myelination),Myelin-producing cells — axon insulation for fast conduction,14,UGT8
PNEUMOCYTE_II,Lung,ENDODERM,11,Surface coating system — produces surfactant lubricant,Alveolar type II — surfactant production + stem cell for type I,11,ABCA3
PNEUMOCYTE_II,Lung,ENDODERM,11,Surface coating system — produces surfactant lubricant,Alveolar type II — surfactant production + stem cell for type I,11,LAMP3
PNEUMOCYTE_II,Lung,ENDODERM,11,Surface coating system — produces surfactant lubricant,Alveolar type II — surfactant production + stem cell for type I,11,LPCAT1
PNEUMOCYTE_II,Lung,ENDODERM,11,Surface coating system — produces surfactant lubricant,Alveolar type II — surfactant production + stem cell for type I,11,NAPSA
PNEUMOCYTE_II,Lung,ENDODERM,11,Surface coating system — produces surfactant lubricant,Alveolar type II — surfactant production + stem cell for type I,11,NKX2-1
PNEUMOCYTE_II,Lung,ENDODERM,11,Surface coating system — produces surfactant lubricant,Alveolar type II — surfactant production + stem cell for type I,11,SFTPA1
PNEUMOCYTE_II,Lung,ENDODERM,11,Surface coating system — produces surfactant lubricant,Alveolar type II — surfactant production + stem cell for type I,11,SFTPA2
PNEUMOCYTE_II,Lung,ENDODERM,11,Surface coating system — produces surfactant lubricant,Alveolar type II — surfactant production + stem cell for type I,11,SFTPB
PNEUMOCYTE_II,Lung,ENDODERM,11,Surface coating system — produces surfactant lubricant,Alveolar type II — surfactant production + stem cell for type I,11,SFTPC
PNEUMOCYTE_II,Lung,ENDODERM,11,Surface coating system — produces surfactant lubricant,Alveolar type II — surfactant production + stem cell for type I,11,SFTPD
PNEUMOCYTE_II,Lung,ENDODERM,11,Surface coating system — produces surfactant lubricant,Alveolar type II — surfactant production + stem cell for type I,11,SLC34A2
