factor,cocktail_id,target_cell,source_cell,rank,percentile,family,n_regulatory
PDX1,BETA-05,Beta cell,Enterocyte,1,0.03,Endocrine,3166
PAX2,TUBULE-01,Renal tubular,Fibroblast,1,0.03,Renal,3166
CDX1,ENTEROCYTE-02,Intestinal,Gastric,2,0.06,Gut,3166
NKX2-1,LUNG-01,AT2 cell,Fibroblast,2,0.06,Lung,3166
IKZF2,HAIR-03,Outer hair cell,Supporting cell,3,0.09,Sensory,3166
TBX5,CARDIO-13,Cardiomyocyte,Fibroblast,3,0.09,Cardiac,3166
CDX2,ENTEROCYTE-01,Enterocyte,Gastric,3,0.09,Gut,3166
EOMES,NK-01,NK cell,T cell,3,0.09,Immune,3166
GATA1,MAST-01,Mast cell,HSC,3,0.09,Immune,3166
LMX1B,PODOCYTE-01,Podocyte,Fibroblast,3,0.09,Renal,3166
ATOH1,HAIR-01,Cochlear hair cell,Supporting cell,5,0.16,Sensory,3166
PPARG,SEBOCYTE-01,Sebocyte,Keratinocyte,5,0.16,Epithelial,3166
SP7,PERIOSTEUM-01,Periosteal cell,MSC,6,0.19,Mesenchymal,3166
MYT1L,NEURON-21,Striatal MSN,Fibroblast,7,0.22,Neuron,3166
DLX1,NEURON-21,Striatal MSN,Fibroblast,8,0.25,Neuron,3166
POU4F3,HAIR-01,Cochlear hair cell,Supporting cell,9,0.28,Sensory,3166
GATA4,CARDIO-13,Cardiomyocyte,Fibroblast,10,0.32,Cardiac,3166
MAFA,BETA-06,Beta cell,Duct cell,10,0.32,Endocrine,3166
CRX,PHOTO-01,Photoreceptor,Fibroblast,12,0.38,Sensory,3166
FOXA2,LUNG-01,AT2 cell,Fibroblast,12,0.38,Lung,3166
WT1,PODOCYTE-01,Podocyte,Fibroblast,12,0.38,Renal,3166
CEBPA,SEBOCYTE-01,Sebocyte,Keratinocyte,14,0.44,Epithelial,3166
RAX,PHOTO-01,Photoreceptor,Fibroblast,17,0.54,Sensory,3166
NRL,PHOTO-02,Rod photoreceptor,Muller glia,17,0.54,Sensory,3166
SIX2,TUBULE-01,Renal tubular,Fibroblast,17,0.54,Renal,3166
KLF4,CORNEA-01,Corneal epithelial,Fibroblast,20,0.63,Ocular,3166
RUNX2,PERIOSTEUM-01,Periosteal cell,MSC,20,0.63,Mesenchymal,3166
TBX21,NK-01,NK cell,T cell,22,0.69,Immune,3166
FOXC2,ENDO-05,Endothelial,Amniotic,23,0.73,Vascular,3166
PAX4,ALPHA-01,Alpha cell,Beta cell,23,0.73,Endocrine,3166
OLIG2,ASTRO-01,Astrocyte,NG2 glia,24,0.76,Glial,3166
NKX2-2,ASTRO-01,Astrocyte,NG2 glia,34,1.07,Glial,3166
MESP1,CARDIO-14,Cardiomyocyte (matured),Fibroblast,35,1.11,Cardiac,3166
GFI1,HAIR-01,Cochlear hair cell,Supporting cell,38,1.20,Sensory,3166
SNAI2,MESEN-STEM-01,MSC-like,Fibroblast,41,1.30,Mesenchymal,3166
MYOCD,CARDIO-12,Cardiomyocyte,Fibroblast,46,1.45,Cardiac,3166
ESRRG,CARDIO-14,Cardiomyocyte (matured),Fibroblast,50,1.58,Cardiac,3166
NEUROD1,PHOTO-01,Photoreceptor,Fibroblast,53,1.67,Sensory,3166
SOX9,LIGAMENT-01,Ligament cell,MSC,53,1.67,Mesenchymal,3166
TBX18,CARDIO-11,Pacemaker cell,Fibroblast,56,1.77,Cardiac,3166
ASCL1,RGC-01,Retinal ganglion,Muller glia,60,1.90,Ocular,3166
TWIST1,MESEN-STEM-01,MSC-like,Fibroblast,61,1.93,Mesenchymal,3166
KLF5,UROTHELIUM-01,Urothelial,Fibroblast,62,1.96,Epithelial,3166
FOXP3,TREG-01,Regulatory T cell,CD4 T cell,66,2.08,Immune,3166
LHX1,TUBULE-01,Renal tubular,Fibroblast,66,2.08,Renal,3166
FLI1,MEGAKARY-01,Megakaryocyte,Fibroblast,76,2.40,Blood,3166
NEUROG2,RGC-01,Retinal ganglion,Muller glia,81,2.56,Ocular,3166
GATA6,LUNG-01,AT2 cell,Fibroblast,83,2.62,Lung,3166
PRDM1,PLASMA-01,Plasma cell,B cell,97,3.06,Immune,3166
NR4A2,NEURON-22,Cortical neuron,Fibroblast,99,3.13,Neuron,3166
MITF,MELANO-01,Melanocyte,Fibroblast,107,3.38,Pigment,3166
PAX3,MELANO-01,Melanocyte,Fibroblast,128,4.04,Pigment,3166
DLX2,NEURON-21,Striatal MSN,Fibroblast,137,4.33,Neuron,3166
STAT3,TH17-01,Th17 cell,CD4 T cell,145,4.58,Immune,3166
MEF2C,CARDIO-13,Cardiomyocyte,Fibroblast,149,4.71,Cardiac,3166
NEUROG1,NEURON-25,Nociceptor,Fibroblast,152,4.80,Neuron,3166
RORC,TH17-01,Th17 cell,CD4 T cell,157,4.96,Immune,3166
NFIB,GLIAL-05,Astrocyte (reactive),Fibroblast,158,4.99,Glial,3166
SALL4,ENTEROCYTE-02,Intestinal,Gastric,165,5.21,Gut,3166
RUNX1,GLIAL-06,Microglia-like,Monocyte,171,5.40,Immune,3166
NFIL3,NK-01,NK cell,T cell,186,5.87,Immune,3166
TAL1,MEGAKARY-01,Megakaryocyte,Fibroblast,205,6.48,Blood,3166
SOX2,ASTRO-01,Astrocyte,NG2 glia,229,7.23,Glial,3166
XBP1,PLASMA-01,Plasma cell,B cell,229,7.23,Immune,3166
ETV2,ENDO-04,Endothelial,Fibroblast,240,7.58,Vascular,3166
FOXO1,ENDO-05,Endothelial,Amniotic,255,8.05,Vascular,3166
ETV6,MEGAKARY-01,Megakaryocyte,Fibroblast,262,8.28,Blood,3166
BCL11B,NEURON-21,Striatal MSN,Fibroblast,265,8.37,Neuron,3166
FOXA1,UROTHELIUM-01,Urothelial,Fibroblast,301,9.51,Epithelial,3166
SPI1,GLIAL-06,Microglia-like,Monocyte,302,9.54,Immune,3166
HAND2,NEURON-23,Noradrenergic neuron,Fibroblast,331,10.45,Neuron,3166
PHOX2B,NEURON-23,Noradrenergic neuron,Fibroblast,335,10.58,Neuron,3166
POU4F2,RGC-01,Retinal ganglion,Muller glia,374,11.81,Ocular,3166
ARX,ALPHA-01,Alpha cell,Beta cell,399,12.60,Endocrine,3166
IRF4,PLASMA-01,Plasma cell,B cell,401,12.67,Immune,3166
GATA2,MAST-01,Mast cell,HSC,421,13.30,Immune,3166
MYC,HAIR-04,Cochlear hair cell,Supporting cell,460,14.53,Sensory,3166
MKX,TENDON-01,Tenocyte,Fibroblast,509,16.08,Mesenchymal,3166
PAX6,RPE-01,Retinal pigment epi,Fibroblast,519,16.39,Ocular,3166
NEUROG3,BETA-06,Beta cell,Duct cell,540,17.06,Endocrine,3166
SCX,LIGAMENT-01,Ligament cell,MSC,601,18.98,Mesenchymal,3166
TFAP2A,NEURON-23,Noradrenergic neuron,Fibroblast,685,21.64,Neuron,3166
ZNF281,CARDIO-13,Cardiomyocyte,Fibroblast,730,23.06,Cardiac,3166
OTX2,PHOTO-01,Photoreceptor,Fibroblast,846,26.72,Sensory,3166
ERG,MEGAKARY-01,Megakaryocyte,Fibroblast,904,28.55,Blood,3166
GATA3,NEURON-23,Noradrenergic neuron,Fibroblast,930,29.37,Neuron,3166
NOTCH1,HAIR-04,Cochlear hair cell,Supporting cell,1309,41.35,Sensory,3166
LMO2,MEGAKARY-01,Megakaryocyte,Fibroblast,1422,44.91,Blood,3166
KLF7,NEURON-25,Nociceptor,Fibroblast,1657,52.34,Neuron,3166
SOX10,MELANO-01,Melanocyte,Fibroblast,2033,64.21,Pigment,3166
