gene,category,n_in_category,category_description,source,note
CCT2,essential_core,54,Core essential genes (Chronos score < -1.0 across DepMap 25Q3 CRISPR screens),DepMap 25Q3; Meyers et al. 2017; Behan et al. 2019,"Selected as genes with mean Chronos < -1.0 across all 1,186 cell lines"
CCT3,essential_core,54,Core essential genes (Chronos score < -1.0 across DepMap 25Q3 CRISPR screens),DepMap 25Q3; Meyers et al. 2017; Behan et al. 2019,"Selected as genes with mean Chronos < -1.0 across all 1,186 cell lines"
CCT4,essential_core,54,Core essential genes (Chronos score < -1.0 across DepMap 25Q3 CRISPR screens),DepMap 25Q3; Meyers et al. 2017; Behan et al. 2019,"Selected as genes with mean Chronos < -1.0 across all 1,186 cell lines"
CCT5,essential_core,54,Core essential genes (Chronos score < -1.0 across DepMap 25Q3 CRISPR screens),DepMap 25Q3; Meyers et al. 2017; Behan et al. 2019,"Selected as genes with mean Chronos < -1.0 across all 1,186 cell lines"
CCT6A,essential_core,54,Core essential genes (Chronos score < -1.0 across DepMap 25Q3 CRISPR screens),DepMap 25Q3; Meyers et al. 2017; Behan et al. 2019,"Selected as genes with mean Chronos < -1.0 across all 1,186 cell lines"
CCT7,essential_core,54,Core essential genes (Chronos score < -1.0 across DepMap 25Q3 CRISPR screens),DepMap 25Q3; Meyers et al. 2017; Behan et al. 2019,"Selected as genes with mean Chronos < -1.0 across all 1,186 cell lines"
CCT8,essential_core,54,Core essential genes (Chronos score < -1.0 across DepMap 25Q3 CRISPR screens),DepMap 25Q3; Meyers et al. 2017; Behan et al. 2019,"Selected as genes with mean Chronos < -1.0 across all 1,186 cell lines"
CDK1,essential_core,54,Core essential genes (Chronos score < -1.0 across DepMap 25Q3 CRISPR screens),DepMap 25Q3; Meyers et al. 2017; Behan et al. 2019,"Selected as genes with mean Chronos < -1.0 across all 1,186 cell lines"
CDK2,essential_core,54,Core essential genes (Chronos score < -1.0 across DepMap 25Q3 CRISPR screens),DepMap 25Q3; Meyers et al. 2017; Behan et al. 2019,"Selected as genes with mean Chronos < -1.0 across all 1,186 cell lines"
CDK7,essential_core,54,Core essential genes (Chronos score < -1.0 across DepMap 25Q3 CRISPR screens),DepMap 25Q3; Meyers et al. 2017; Behan et al. 2019,"Selected as genes with mean Chronos < -1.0 across all 1,186 cell lines"
CDK9,essential_core,54,Core essential genes (Chronos score < -1.0 across DepMap 25Q3 CRISPR screens),DepMap 25Q3; Meyers et al. 2017; Behan et al. 2019,"Selected as genes with mean Chronos < -1.0 across all 1,186 cell lines"
COPA,essential_core,54,Core essential genes (Chronos score < -1.0 across DepMap 25Q3 CRISPR screens),DepMap 25Q3; Meyers et al. 2017; Behan et al. 2019,"Selected as genes with mean Chronos < -1.0 across all 1,186 cell lines"
COPB1,essential_core,54,Core essential genes (Chronos score < -1.0 across DepMap 25Q3 CRISPR screens),DepMap 25Q3; Meyers et al. 2017; Behan et al. 2019,"Selected as genes with mean Chronos < -1.0 across all 1,186 cell lines"
COPB2,essential_core,54,Core essential genes (Chronos score < -1.0 across DepMap 25Q3 CRISPR screens),DepMap 25Q3; Meyers et al. 2017; Behan et al. 2019,"Selected as genes with mean Chronos < -1.0 across all 1,186 cell lines"
COPE,essential_core,54,Core essential genes (Chronos score < -1.0 across DepMap 25Q3 CRISPR screens),DepMap 25Q3; Meyers et al. 2017; Behan et al. 2019,"Selected as genes with mean Chronos < -1.0 across all 1,186 cell lines"
COPG1,essential_core,54,Core essential genes (Chronos score < -1.0 across DepMap 25Q3 CRISPR screens),DepMap 25Q3; Meyers et al. 2017; Behan et al. 2019,"Selected as genes with mean Chronos < -1.0 across all 1,186 cell lines"
MCM2,essential_core,54,Core essential genes (Chronos score < -1.0 across DepMap 25Q3 CRISPR screens),DepMap 25Q3; Meyers et al. 2017; Behan et al. 2019,"Selected as genes with mean Chronos < -1.0 across all 1,186 cell lines"
MCM4,essential_core,54,Core essential genes (Chronos score < -1.0 across DepMap 25Q3 CRISPR screens),DepMap 25Q3; Meyers et al. 2017; Behan et al. 2019,"Selected as genes with mean Chronos < -1.0 across all 1,186 cell lines"
MCM5,essential_core,54,Core essential genes (Chronos score < -1.0 across DepMap 25Q3 CRISPR screens),DepMap 25Q3; Meyers et al. 2017; Behan et al. 2019,"Selected as genes with mean Chronos < -1.0 across all 1,186 cell lines"
MCM7,essential_core,54,Core essential genes (Chronos score < -1.0 across DepMap 25Q3 CRISPR screens),DepMap 25Q3; Meyers et al. 2017; Behan et al. 2019,"Selected as genes with mean Chronos < -1.0 across all 1,186 cell lines"
PCNA,essential_core,54,Core essential genes (Chronos score < -1.0 across DepMap 25Q3 CRISPR screens),DepMap 25Q3; Meyers et al. 2017; Behan et al. 2019,"Selected as genes with mean Chronos < -1.0 across all 1,186 cell lines"
POLR2A,essential_core,54,Core essential genes (Chronos score < -1.0 across DepMap 25Q3 CRISPR screens),DepMap 25Q3; Meyers et al. 2017; Behan et al. 2019,"Selected as genes with mean Chronos < -1.0 across all 1,186 cell lines"
POLR2B,essential_core,54,Core essential genes (Chronos score < -1.0 across DepMap 25Q3 CRISPR screens),DepMap 25Q3; Meyers et al. 2017; Behan et al. 2019,"Selected as genes with mean Chronos < -1.0 across all 1,186 cell lines"
POLR2C,essential_core,54,Core essential genes (Chronos score < -1.0 across DepMap 25Q3 CRISPR screens),DepMap 25Q3; Meyers et al. 2017; Behan et al. 2019,"Selected as genes with mean Chronos < -1.0 across all 1,186 cell lines"
POLR2D,essential_core,54,Core essential genes (Chronos score < -1.0 across DepMap 25Q3 CRISPR screens),DepMap 25Q3; Meyers et al. 2017; Behan et al. 2019,"Selected as genes with mean Chronos < -1.0 across all 1,186 cell lines"
POLR2E,essential_core,54,Core essential genes (Chronos score < -1.0 across DepMap 25Q3 CRISPR screens),DepMap 25Q3; Meyers et al. 2017; Behan et al. 2019,"Selected as genes with mean Chronos < -1.0 across all 1,186 cell lines"
PRPF8,essential_core,54,Core essential genes (Chronos score < -1.0 across DepMap 25Q3 CRISPR screens),DepMap 25Q3; Meyers et al. 2017; Behan et al. 2019,"Selected as genes with mean Chronos < -1.0 across all 1,186 cell lines"
PSMA1,essential_core,54,Core essential genes (Chronos score < -1.0 across DepMap 25Q3 CRISPR screens),DepMap 25Q3; Meyers et al. 2017; Behan et al. 2019,"Selected as genes with mean Chronos < -1.0 across all 1,186 cell lines"
PSMA2,essential_core,54,Core essential genes (Chronos score < -1.0 across DepMap 25Q3 CRISPR screens),DepMap 25Q3; Meyers et al. 2017; Behan et al. 2019,"Selected as genes with mean Chronos < -1.0 across all 1,186 cell lines"
PSMA3,essential_core,54,Core essential genes (Chronos score < -1.0 across DepMap 25Q3 CRISPR screens),DepMap 25Q3; Meyers et al. 2017; Behan et al. 2019,"Selected as genes with mean Chronos < -1.0 across all 1,186 cell lines"
PSMB1,essential_core,54,Core essential genes (Chronos score < -1.0 across DepMap 25Q3 CRISPR screens),DepMap 25Q3; Meyers et al. 2017; Behan et al. 2019,"Selected as genes with mean Chronos < -1.0 across all 1,186 cell lines"
PSMB2,essential_core,54,Core essential genes (Chronos score < -1.0 across DepMap 25Q3 CRISPR screens),DepMap 25Q3; Meyers et al. 2017; Behan et al. 2019,"Selected as genes with mean Chronos < -1.0 across all 1,186 cell lines"
PSMB5,essential_core,54,Core essential genes (Chronos score < -1.0 across DepMap 25Q3 CRISPR screens),DepMap 25Q3; Meyers et al. 2017; Behan et al. 2019,"Selected as genes with mean Chronos < -1.0 across all 1,186 cell lines"
RFC1,essential_core,54,Core essential genes (Chronos score < -1.0 across DepMap 25Q3 CRISPR screens),DepMap 25Q3; Meyers et al. 2017; Behan et al. 2019,"Selected as genes with mean Chronos < -1.0 across all 1,186 cell lines"
RPL11,essential_core,54,Core essential genes (Chronos score < -1.0 across DepMap 25Q3 CRISPR screens),DepMap 25Q3; Meyers et al. 2017; Behan et al. 2019,"Selected as genes with mean Chronos < -1.0 across all 1,186 cell lines"
RPL23,essential_core,54,Core essential genes (Chronos score < -1.0 across DepMap 25Q3 CRISPR screens),DepMap 25Q3; Meyers et al. 2017; Behan et al. 2019,"Selected as genes with mean Chronos < -1.0 across all 1,186 cell lines"
RPL26,essential_core,54,Core essential genes (Chronos score < -1.0 across DepMap 25Q3 CRISPR screens),DepMap 25Q3; Meyers et al. 2017; Behan et al. 2019,"Selected as genes with mean Chronos < -1.0 across all 1,186 cell lines"
RPL35A,essential_core,54,Core essential genes (Chronos score < -1.0 across DepMap 25Q3 CRISPR screens),DepMap 25Q3; Meyers et al. 2017; Behan et al. 2019,"Selected as genes with mean Chronos < -1.0 across all 1,186 cell lines"
RPL5,essential_core,54,Core essential genes (Chronos score < -1.0 across DepMap 25Q3 CRISPR screens),DepMap 25Q3; Meyers et al. 2017; Behan et al. 2019,"Selected as genes with mean Chronos < -1.0 across all 1,186 cell lines"
RPS14,essential_core,54,Core essential genes (Chronos score < -1.0 across DepMap 25Q3 CRISPR screens),DepMap 25Q3; Meyers et al. 2017; Behan et al. 2019,"Selected as genes with mean Chronos < -1.0 across all 1,186 cell lines"
RPS19,essential_core,54,Core essential genes (Chronos score < -1.0 across DepMap 25Q3 CRISPR screens),DepMap 25Q3; Meyers et al. 2017; Behan et al. 2019,"Selected as genes with mean Chronos < -1.0 across all 1,186 cell lines"
RPS2,essential_core,54,Core essential genes (Chronos score < -1.0 across DepMap 25Q3 CRISPR screens),DepMap 25Q3; Meyers et al. 2017; Behan et al. 2019,"Selected as genes with mean Chronos < -1.0 across all 1,186 cell lines"
RPS3,essential_core,54,Core essential genes (Chronos score < -1.0 across DepMap 25Q3 CRISPR screens),DepMap 25Q3; Meyers et al. 2017; Behan et al. 2019,"Selected as genes with mean Chronos < -1.0 across all 1,186 cell lines"
RPS5,essential_core,54,Core essential genes (Chronos score < -1.0 across DepMap 25Q3 CRISPR screens),DepMap 25Q3; Meyers et al. 2017; Behan et al. 2019,"Selected as genes with mean Chronos < -1.0 across all 1,186 cell lines"
RPS6,essential_core,54,Core essential genes (Chronos score < -1.0 across DepMap 25Q3 CRISPR screens),DepMap 25Q3; Meyers et al. 2017; Behan et al. 2019,"Selected as genes with mean Chronos < -1.0 across all 1,186 cell lines"
RPS8,essential_core,54,Core essential genes (Chronos score < -1.0 across DepMap 25Q3 CRISPR screens),DepMap 25Q3; Meyers et al. 2017; Behan et al. 2019,"Selected as genes with mean Chronos < -1.0 across all 1,186 cell lines"
RPS9,essential_core,54,Core essential genes (Chronos score < -1.0 across DepMap 25Q3 CRISPR screens),DepMap 25Q3; Meyers et al. 2017; Behan et al. 2019,"Selected as genes with mean Chronos < -1.0 across all 1,186 cell lines"
SF3A1,essential_core,54,Core essential genes (Chronos score < -1.0 across DepMap 25Q3 CRISPR screens),DepMap 25Q3; Meyers et al. 2017; Behan et al. 2019,"Selected as genes with mean Chronos < -1.0 across all 1,186 cell lines"
SF3B1,essential_core,54,Core essential genes (Chronos score < -1.0 across DepMap 25Q3 CRISPR screens),DepMap 25Q3; Meyers et al. 2017; Behan et al. 2019,"Selected as genes with mean Chronos < -1.0 across all 1,186 cell lines"
SNRPD1,essential_core,54,Core essential genes (Chronos score < -1.0 across DepMap 25Q3 CRISPR screens),DepMap 25Q3; Meyers et al. 2017; Behan et al. 2019,"Selected as genes with mean Chronos < -1.0 across all 1,186 cell lines"
TCP1,essential_core,54,Core essential genes (Chronos score < -1.0 across DepMap 25Q3 CRISPR screens),DepMap 25Q3; Meyers et al. 2017; Behan et al. 2019,"Selected as genes with mean Chronos < -1.0 across all 1,186 cell lines"
UBA1,essential_core,54,Core essential genes (Chronos score < -1.0 across DepMap 25Q3 CRISPR screens),DepMap 25Q3; Meyers et al. 2017; Behan et al. 2019,"Selected as genes with mean Chronos < -1.0 across all 1,186 cell lines"
UBB,essential_core,54,Core essential genes (Chronos score < -1.0 across DepMap 25Q3 CRISPR screens),DepMap 25Q3; Meyers et al. 2017; Behan et al. 2019,"Selected as genes with mean Chronos < -1.0 across all 1,186 cell lines"
UBC,essential_core,54,Core essential genes (Chronos score < -1.0 across DepMap 25Q3 CRISPR screens),DepMap 25Q3; Meyers et al. 2017; Behan et al. 2019,"Selected as genes with mean Chronos < -1.0 across all 1,186 cell lines"
ABCA4,OMIM_disease,113,Monogenic disease-causing genes (OMIM curated; pathogenic/likely pathogenic variants),OMIM; ClinVar; Online Mendelian Inheritance in Man (omim.org),Includes autosomal dominant/recessive and X-linked monogenic conditions
ABCC8,OMIM_disease,113,Monogenic disease-causing genes (OMIM curated; pathogenic/likely pathogenic variants),OMIM; ClinVar; Online Mendelian Inheritance in Man (omim.org),Includes autosomal dominant/recessive and X-linked monogenic conditions
ABCG5,OMIM_disease,113,Monogenic disease-causing genes (OMIM curated; pathogenic/likely pathogenic variants),OMIM; ClinVar; Online Mendelian Inheritance in Man (omim.org),Includes autosomal dominant/recessive and X-linked monogenic conditions
ABCG8,OMIM_disease,113,Monogenic disease-causing genes (OMIM curated; pathogenic/likely pathogenic variants),OMIM; ClinVar; Online Mendelian Inheritance in Man (omim.org),Includes autosomal dominant/recessive and X-linked monogenic conditions
ALK,OMIM_disease,113,Monogenic disease-causing genes (OMIM curated; pathogenic/likely pathogenic variants),OMIM; ClinVar; Online Mendelian Inheritance in Man (omim.org),Includes autosomal dominant/recessive and X-linked monogenic conditions
APC,OMIM_disease,113,Monogenic disease-causing genes (OMIM curated; pathogenic/likely pathogenic variants),OMIM; ClinVar; Online Mendelian Inheritance in Man (omim.org),Includes autosomal dominant/recessive and X-linked monogenic conditions
APOB,OMIM_disease,113,Monogenic disease-causing genes (OMIM curated; pathogenic/likely pathogenic variants),OMIM; ClinVar; Online Mendelian Inheritance in Man (omim.org),Includes autosomal dominant/recessive and X-linked monogenic conditions
AR,OMIM_disease,113,Monogenic disease-causing genes (OMIM curated; pathogenic/likely pathogenic variants),OMIM; ClinVar; Online Mendelian Inheritance in Man (omim.org),Includes autosomal dominant/recessive and X-linked monogenic conditions
ATM,OMIM_disease,113,Monogenic disease-causing genes (OMIM curated; pathogenic/likely pathogenic variants),OMIM; ClinVar; Online Mendelian Inheritance in Man (omim.org),Includes autosomal dominant/recessive and X-linked monogenic conditions
ATP7A,OMIM_disease,113,Monogenic disease-causing genes (OMIM curated; pathogenic/likely pathogenic variants),OMIM; ClinVar; Online Mendelian Inheritance in Man (omim.org),Includes autosomal dominant/recessive and X-linked monogenic conditions
ATP7B,OMIM_disease,113,Monogenic disease-causing genes (OMIM curated; pathogenic/likely pathogenic variants),OMIM; ClinVar; Online Mendelian Inheritance in Man (omim.org),Includes autosomal dominant/recessive and X-linked monogenic conditions
BAP1,OMIM_disease,113,Monogenic disease-causing genes (OMIM curated; pathogenic/likely pathogenic variants),OMIM; ClinVar; Online Mendelian Inheritance in Man (omim.org),Includes autosomal dominant/recessive and X-linked monogenic conditions
BMPR1A,OMIM_disease,113,Monogenic disease-causing genes (OMIM curated; pathogenic/likely pathogenic variants),OMIM; ClinVar; Online Mendelian Inheritance in Man (omim.org),Includes autosomal dominant/recessive and X-linked monogenic conditions
BRCA1,OMIM_disease,113,Monogenic disease-causing genes (OMIM curated; pathogenic/likely pathogenic variants),OMIM; ClinVar; Online Mendelian Inheritance in Man (omim.org),Includes autosomal dominant/recessive and X-linked monogenic conditions
BRCA2,OMIM_disease,113,Monogenic disease-causing genes (OMIM curated; pathogenic/likely pathogenic variants),OMIM; ClinVar; Online Mendelian Inheritance in Man (omim.org),Includes autosomal dominant/recessive and X-linked monogenic conditions
CACNA1A,OMIM_disease,113,Monogenic disease-causing genes (OMIM curated; pathogenic/likely pathogenic variants),OMIM; ClinVar; Online Mendelian Inheritance in Man (omim.org),Includes autosomal dominant/recessive and X-linked monogenic conditions
CDH1,OMIM_disease,113,Monogenic disease-causing genes (OMIM curated; pathogenic/likely pathogenic variants),OMIM; ClinVar; Online Mendelian Inheritance in Man (omim.org),Includes autosomal dominant/recessive and X-linked monogenic conditions
CDK4,OMIM_disease,113,Monogenic disease-causing genes (OMIM curated; pathogenic/likely pathogenic variants),OMIM; ClinVar; Online Mendelian Inheritance in Man (omim.org),Includes autosomal dominant/recessive and X-linked monogenic conditions
CDKN2A,OMIM_disease,113,Monogenic disease-causing genes (OMIM curated; pathogenic/likely pathogenic variants),OMIM; ClinVar; Online Mendelian Inheritance in Man (omim.org),Includes autosomal dominant/recessive and X-linked monogenic conditions
CEBPA,OMIM_disease,113,Monogenic disease-causing genes (OMIM curated; pathogenic/likely pathogenic variants),OMIM; ClinVar; Online Mendelian Inheritance in Man (omim.org),Includes autosomal dominant/recessive and X-linked monogenic conditions
CFTR,OMIM_disease,113,Monogenic disease-causing genes (OMIM curated; pathogenic/likely pathogenic variants),OMIM; ClinVar; Online Mendelian Inheritance in Man (omim.org),Includes autosomal dominant/recessive and X-linked monogenic conditions
CHEK2,OMIM_disease,113,Monogenic disease-causing genes (OMIM curated; pathogenic/likely pathogenic variants),OMIM; ClinVar; Online Mendelian Inheritance in Man (omim.org),Includes autosomal dominant/recessive and X-linked monogenic conditions
COL1A1,OMIM_disease,113,Monogenic disease-causing genes (OMIM curated; pathogenic/likely pathogenic variants),OMIM; ClinVar; Online Mendelian Inheritance in Man (omim.org),Includes autosomal dominant/recessive and X-linked monogenic conditions
COL1A2,OMIM_disease,113,Monogenic disease-causing genes (OMIM curated; pathogenic/likely pathogenic variants),OMIM; ClinVar; Online Mendelian Inheritance in Man (omim.org),Includes autosomal dominant/recessive and X-linked monogenic conditions
COL2A1,OMIM_disease,113,Monogenic disease-causing genes (OMIM curated; pathogenic/likely pathogenic variants),OMIM; ClinVar; Online Mendelian Inheritance in Man (omim.org),Includes autosomal dominant/recessive and X-linked monogenic conditions
COL3A1,OMIM_disease,113,Monogenic disease-causing genes (OMIM curated; pathogenic/likely pathogenic variants),OMIM; ClinVar; Online Mendelian Inheritance in Man (omim.org),Includes autosomal dominant/recessive and X-linked monogenic conditions
DICER1,OMIM_disease,113,Monogenic disease-causing genes (OMIM curated; pathogenic/likely pathogenic variants),OMIM; ClinVar; Online Mendelian Inheritance in Man (omim.org),Includes autosomal dominant/recessive and X-linked monogenic conditions
DMD,OMIM_disease,113,Monogenic disease-causing genes (OMIM curated; pathogenic/likely pathogenic variants),OMIM; ClinVar; Online Mendelian Inheritance in Man (omim.org),Includes autosomal dominant/recessive and X-linked monogenic conditions
DMPK,OMIM_disease,113,Monogenic disease-causing genes (OMIM curated; pathogenic/likely pathogenic variants),OMIM; ClinVar; Online Mendelian Inheritance in Man (omim.org),Includes autosomal dominant/recessive and X-linked monogenic conditions
ELN,OMIM_disease,113,Monogenic disease-causing genes (OMIM curated; pathogenic/likely pathogenic variants),OMIM; ClinVar; Online Mendelian Inheritance in Man (omim.org),Includes autosomal dominant/recessive and X-linked monogenic conditions
EMD,OMIM_disease,113,Monogenic disease-causing genes (OMIM curated; pathogenic/likely pathogenic variants),OMIM; ClinVar; Online Mendelian Inheritance in Man (omim.org),Includes autosomal dominant/recessive and X-linked monogenic conditions
ETV6,OMIM_disease,113,Monogenic disease-causing genes (OMIM curated; pathogenic/likely pathogenic variants),OMIM; ClinVar; Online Mendelian Inheritance in Man (omim.org),Includes autosomal dominant/recessive and X-linked monogenic conditions
F5,OMIM_disease,113,Monogenic disease-causing genes (OMIM curated; pathogenic/likely pathogenic variants),OMIM; ClinVar; Online Mendelian Inheritance in Man (omim.org),Includes autosomal dominant/recessive and X-linked monogenic conditions
F8,OMIM_disease,113,Monogenic disease-causing genes (OMIM curated; pathogenic/likely pathogenic variants),OMIM; ClinVar; Online Mendelian Inheritance in Man (omim.org),Includes autosomal dominant/recessive and X-linked monogenic conditions
F9,OMIM_disease,113,Monogenic disease-causing genes (OMIM curated; pathogenic/likely pathogenic variants),OMIM; ClinVar; Online Mendelian Inheritance in Man (omim.org),Includes autosomal dominant/recessive and X-linked monogenic conditions
FBN1,OMIM_disease,113,Monogenic disease-causing genes (OMIM curated; pathogenic/likely pathogenic variants),OMIM; ClinVar; Online Mendelian Inheritance in Man (omim.org),Includes autosomal dominant/recessive and X-linked monogenic conditions
FGA,OMIM_disease,113,Monogenic disease-causing genes (OMIM curated; pathogenic/likely pathogenic variants),OMIM; ClinVar; Online Mendelian Inheritance in Man (omim.org),Includes autosomal dominant/recessive and X-linked monogenic conditions
FGB,OMIM_disease,113,Monogenic disease-causing genes (OMIM curated; pathogenic/likely pathogenic variants),OMIM; ClinVar; Online Mendelian Inheritance in Man (omim.org),Includes autosomal dominant/recessive and X-linked monogenic conditions
FGFR1,OMIM_disease,113,Monogenic disease-causing genes (OMIM curated; pathogenic/likely pathogenic variants),OMIM; ClinVar; Online Mendelian Inheritance in Man (omim.org),Includes autosomal dominant/recessive and X-linked monogenic conditions
FGFR2,OMIM_disease,113,Monogenic disease-causing genes (OMIM curated; pathogenic/likely pathogenic variants),OMIM; ClinVar; Online Mendelian Inheritance in Man (omim.org),Includes autosomal dominant/recessive and X-linked monogenic conditions
FGFR3,OMIM_disease,113,Monogenic disease-causing genes (OMIM curated; pathogenic/likely pathogenic variants),OMIM; ClinVar; Online Mendelian Inheritance in Man (omim.org),Includes autosomal dominant/recessive and X-linked monogenic conditions
FGG,OMIM_disease,113,Monogenic disease-causing genes (OMIM curated; pathogenic/likely pathogenic variants),OMIM; ClinVar; Online Mendelian Inheritance in Man (omim.org),Includes autosomal dominant/recessive and X-linked monogenic conditions
FMR1,OMIM_disease,113,Monogenic disease-causing genes (OMIM curated; pathogenic/likely pathogenic variants),OMIM; ClinVar; Online Mendelian Inheritance in Man (omim.org),Includes autosomal dominant/recessive and X-linked monogenic conditions
G6PD,OMIM_disease,113,Monogenic disease-causing genes (OMIM curated; pathogenic/likely pathogenic variants),OMIM; ClinVar; Online Mendelian Inheritance in Man (omim.org),Includes autosomal dominant/recessive and X-linked monogenic conditions
GAA,OMIM_disease,113,Monogenic disease-causing genes (OMIM curated; pathogenic/likely pathogenic variants),OMIM; ClinVar; Online Mendelian Inheritance in Man (omim.org),Includes autosomal dominant/recessive and X-linked monogenic conditions
GATA2,OMIM_disease,113,Monogenic disease-causing genes (OMIM curated; pathogenic/likely pathogenic variants),OMIM; ClinVar; Online Mendelian Inheritance in Man (omim.org),Includes autosomal dominant/recessive and X-linked monogenic conditions
GBA,OMIM_disease,113,Monogenic disease-causing genes (OMIM curated; pathogenic/likely pathogenic variants),OMIM; ClinVar; Online Mendelian Inheritance in Man (omim.org),Includes autosomal dominant/recessive and X-linked monogenic conditions
GJB2,OMIM_disease,113,Monogenic disease-causing genes (OMIM curated; pathogenic/likely pathogenic variants),OMIM; ClinVar; Online Mendelian Inheritance in Man (omim.org),Includes autosomal dominant/recessive and X-linked monogenic conditions
GLA,OMIM_disease,113,Monogenic disease-causing genes (OMIM curated; pathogenic/likely pathogenic variants),OMIM; ClinVar; Online Mendelian Inheritance in Man (omim.org),Includes autosomal dominant/recessive and X-linked monogenic conditions
GLI3,OMIM_disease,113,Monogenic disease-causing genes (OMIM curated; pathogenic/likely pathogenic variants),OMIM; ClinVar; Online Mendelian Inheritance in Man (omim.org),Includes autosomal dominant/recessive and X-linked monogenic conditions
HBA1,OMIM_disease,113,Monogenic disease-causing genes (OMIM curated; pathogenic/likely pathogenic variants),OMIM; ClinVar; Online Mendelian Inheritance in Man (omim.org),Includes autosomal dominant/recessive and X-linked monogenic conditions
HBA2,OMIM_disease,113,Monogenic disease-causing genes (OMIM curated; pathogenic/likely pathogenic variants),OMIM; ClinVar; Online Mendelian Inheritance in Man (omim.org),Includes autosomal dominant/recessive and X-linked monogenic conditions
HBB,OMIM_disease,113,Monogenic disease-causing genes (OMIM curated; pathogenic/likely pathogenic variants),OMIM; ClinVar; Online Mendelian Inheritance in Man (omim.org),Includes autosomal dominant/recessive and X-linked monogenic conditions
HEXA,OMIM_disease,113,Monogenic disease-causing genes (OMIM curated; pathogenic/likely pathogenic variants),OMIM; ClinVar; Online Mendelian Inheritance in Man (omim.org),Includes autosomal dominant/recessive and X-linked monogenic conditions
HEXB,OMIM_disease,113,Monogenic disease-causing genes (OMIM curated; pathogenic/likely pathogenic variants),OMIM; ClinVar; Online Mendelian Inheritance in Man (omim.org),Includes autosomal dominant/recessive and X-linked monogenic conditions
HTT,OMIM_disease,113,Monogenic disease-causing genes (OMIM curated; pathogenic/likely pathogenic variants),OMIM; ClinVar; Online Mendelian Inheritance in Man (omim.org),Includes autosomal dominant/recessive and X-linked monogenic conditions
IDUA,OMIM_disease,113,Monogenic disease-causing genes (OMIM curated; pathogenic/likely pathogenic variants),OMIM; ClinVar; Online Mendelian Inheritance in Man (omim.org),Includes autosomal dominant/recessive and X-linked monogenic conditions
KCNH2,OMIM_disease,113,Monogenic disease-causing genes (OMIM curated; pathogenic/likely pathogenic variants),OMIM; ClinVar; Online Mendelian Inheritance in Man (omim.org),Includes autosomal dominant/recessive and X-linked monogenic conditions
KCNJ11,OMIM_disease,113,Monogenic disease-causing genes (OMIM curated; pathogenic/likely pathogenic variants),OMIM; ClinVar; Online Mendelian Inheritance in Man (omim.org),Includes autosomal dominant/recessive and X-linked monogenic conditions
KCNQ1,OMIM_disease,113,Monogenic disease-causing genes (OMIM curated; pathogenic/likely pathogenic variants),OMIM; ClinVar; Online Mendelian Inheritance in Man (omim.org),Includes autosomal dominant/recessive and X-linked monogenic conditions
KIT,OMIM_disease,113,Monogenic disease-causing genes (OMIM curated; pathogenic/likely pathogenic variants),OMIM; ClinVar; Online Mendelian Inheritance in Man (omim.org),Includes autosomal dominant/recessive and X-linked monogenic conditions
LDLR,OMIM_disease,113,Monogenic disease-causing genes (OMIM curated; pathogenic/likely pathogenic variants),OMIM; ClinVar; Online Mendelian Inheritance in Man (omim.org),Includes autosomal dominant/recessive and X-linked monogenic conditions
LMNA,OMIM_disease,113,Monogenic disease-causing genes (OMIM curated; pathogenic/likely pathogenic variants),OMIM; ClinVar; Online Mendelian Inheritance in Man (omim.org),Includes autosomal dominant/recessive and X-linked monogenic conditions
MEN1,OMIM_disease,113,Monogenic disease-causing genes (OMIM curated; pathogenic/likely pathogenic variants),OMIM; ClinVar; Online Mendelian Inheritance in Man (omim.org),Includes autosomal dominant/recessive and X-linked monogenic conditions
MLH1,OMIM_disease,113,Monogenic disease-causing genes (OMIM curated; pathogenic/likely pathogenic variants),OMIM; ClinVar; Online Mendelian Inheritance in Man (omim.org),Includes autosomal dominant/recessive and X-linked monogenic conditions
MSH2,OMIM_disease,113,Monogenic disease-causing genes (OMIM curated; pathogenic/likely pathogenic variants),OMIM; ClinVar; Online Mendelian Inheritance in Man (omim.org),Includes autosomal dominant/recessive and X-linked monogenic conditions
MUTYH,OMIM_disease,113,Monogenic disease-causing genes (OMIM curated; pathogenic/likely pathogenic variants),OMIM; ClinVar; Online Mendelian Inheritance in Man (omim.org),Includes autosomal dominant/recessive and X-linked monogenic conditions
MYO7A,OMIM_disease,113,Monogenic disease-causing genes (OMIM curated; pathogenic/likely pathogenic variants),OMIM; ClinVar; Online Mendelian Inheritance in Man (omim.org),Includes autosomal dominant/recessive and X-linked monogenic conditions
NF1,OMIM_disease,113,Monogenic disease-causing genes (OMIM curated; pathogenic/likely pathogenic variants),OMIM; ClinVar; Online Mendelian Inheritance in Man (omim.org),Includes autosomal dominant/recessive and X-linked monogenic conditions
NF2,OMIM_disease,113,Monogenic disease-causing genes (OMIM curated; pathogenic/likely pathogenic variants),OMIM; ClinVar; Online Mendelian Inheritance in Man (omim.org),Includes autosomal dominant/recessive and X-linked monogenic conditions
PALB2,OMIM_disease,113,Monogenic disease-causing genes (OMIM curated; pathogenic/likely pathogenic variants),OMIM; ClinVar; Online Mendelian Inheritance in Man (omim.org),Includes autosomal dominant/recessive and X-linked monogenic conditions
PAX3,OMIM_disease,113,Monogenic disease-causing genes (OMIM curated; pathogenic/likely pathogenic variants),OMIM; ClinVar; Online Mendelian Inheritance in Man (omim.org),Includes autosomal dominant/recessive and X-linked monogenic conditions
PAX6,OMIM_disease,113,Monogenic disease-causing genes (OMIM curated; pathogenic/likely pathogenic variants),OMIM; ClinVar; Online Mendelian Inheritance in Man (omim.org),Includes autosomal dominant/recessive and X-linked monogenic conditions
PCSK9,OMIM_disease,113,Monogenic disease-causing genes (OMIM curated; pathogenic/likely pathogenic variants),OMIM; ClinVar; Online Mendelian Inheritance in Man (omim.org),Includes autosomal dominant/recessive and X-linked monogenic conditions
PDGFRA,OMIM_disease,113,Monogenic disease-causing genes (OMIM curated; pathogenic/likely pathogenic variants),OMIM; ClinVar; Online Mendelian Inheritance in Man (omim.org),Includes autosomal dominant/recessive and X-linked monogenic conditions
PKD1,OMIM_disease,113,Monogenic disease-causing genes (OMIM curated; pathogenic/likely pathogenic variants),OMIM; ClinVar; Online Mendelian Inheritance in Man (omim.org),Includes autosomal dominant/recessive and X-linked monogenic conditions
PKD2,OMIM_disease,113,Monogenic disease-causing genes (OMIM curated; pathogenic/likely pathogenic variants),OMIM; ClinVar; Online Mendelian Inheritance in Man (omim.org),Includes autosomal dominant/recessive and X-linked monogenic conditions
PKLR,OMIM_disease,113,Monogenic disease-causing genes (OMIM curated; pathogenic/likely pathogenic variants),OMIM; ClinVar; Online Mendelian Inheritance in Man (omim.org),Includes autosomal dominant/recessive and X-linked monogenic conditions
PROC,OMIM_disease,113,Monogenic disease-causing genes (OMIM curated; pathogenic/likely pathogenic variants),OMIM; ClinVar; Online Mendelian Inheritance in Man (omim.org),Includes autosomal dominant/recessive and X-linked monogenic conditions
PROS1,OMIM_disease,113,Monogenic disease-causing genes (OMIM curated; pathogenic/likely pathogenic variants),OMIM; ClinVar; Online Mendelian Inheritance in Man (omim.org),Includes autosomal dominant/recessive and X-linked monogenic conditions
PTCH1,OMIM_disease,113,Monogenic disease-causing genes (OMIM curated; pathogenic/likely pathogenic variants),OMIM; ClinVar; Online Mendelian Inheritance in Man (omim.org),Includes autosomal dominant/recessive and X-linked monogenic conditions
PTEN,OMIM_disease,113,Monogenic disease-causing genes (OMIM curated; pathogenic/likely pathogenic variants),OMIM; ClinVar; Online Mendelian Inheritance in Man (omim.org),Includes autosomal dominant/recessive and X-linked monogenic conditions
RAD51C,OMIM_disease,113,Monogenic disease-causing genes (OMIM curated; pathogenic/likely pathogenic variants),OMIM; ClinVar; Online Mendelian Inheritance in Man (omim.org),Includes autosomal dominant/recessive and X-linked monogenic conditions
RAD51D,OMIM_disease,113,Monogenic disease-causing genes (OMIM curated; pathogenic/likely pathogenic variants),OMIM; ClinVar; Online Mendelian Inheritance in Man (omim.org),Includes autosomal dominant/recessive and X-linked monogenic conditions
RB1,OMIM_disease,113,Monogenic disease-causing genes (OMIM curated; pathogenic/likely pathogenic variants),OMIM; ClinVar; Online Mendelian Inheritance in Man (omim.org),Includes autosomal dominant/recessive and X-linked monogenic conditions
RET,OMIM_disease,113,Monogenic disease-causing genes (OMIM curated; pathogenic/likely pathogenic variants),OMIM; ClinVar; Online Mendelian Inheritance in Man (omim.org),Includes autosomal dominant/recessive and X-linked monogenic conditions
RPE65,OMIM_disease,113,Monogenic disease-causing genes (OMIM curated; pathogenic/likely pathogenic variants),OMIM; ClinVar; Online Mendelian Inheritance in Man (omim.org),Includes autosomal dominant/recessive and X-linked monogenic conditions
RPGR,OMIM_disease,113,Monogenic disease-causing genes (OMIM curated; pathogenic/likely pathogenic variants),OMIM; ClinVar; Online Mendelian Inheritance in Man (omim.org),Includes autosomal dominant/recessive and X-linked monogenic conditions
RUNX1,OMIM_disease,113,Monogenic disease-causing genes (OMIM curated; pathogenic/likely pathogenic variants),OMIM; ClinVar; Online Mendelian Inheritance in Man (omim.org),Includes autosomal dominant/recessive and X-linked monogenic conditions
RYR1,OMIM_disease,113,Monogenic disease-causing genes (OMIM curated; pathogenic/likely pathogenic variants),OMIM; ClinVar; Online Mendelian Inheritance in Man (omim.org),Includes autosomal dominant/recessive and X-linked monogenic conditions
RYR2,OMIM_disease,113,Monogenic disease-causing genes (OMIM curated; pathogenic/likely pathogenic variants),OMIM; ClinVar; Online Mendelian Inheritance in Man (omim.org),Includes autosomal dominant/recessive and X-linked monogenic conditions
SCN1A,OMIM_disease,113,Monogenic disease-causing genes (OMIM curated; pathogenic/likely pathogenic variants),OMIM; ClinVar; Online Mendelian Inheritance in Man (omim.org),Includes autosomal dominant/recessive and X-linked monogenic conditions
SCN5A,OMIM_disease,113,Monogenic disease-causing genes (OMIM curated; pathogenic/likely pathogenic variants),OMIM; ClinVar; Online Mendelian Inheritance in Man (omim.org),Includes autosomal dominant/recessive and X-linked monogenic conditions
SERPINC1,OMIM_disease,113,Monogenic disease-causing genes (OMIM curated; pathogenic/likely pathogenic variants),OMIM; ClinVar; Online Mendelian Inheritance in Man (omim.org),Includes autosomal dominant/recessive and X-linked monogenic conditions
SHH,OMIM_disease,113,Monogenic disease-causing genes (OMIM curated; pathogenic/likely pathogenic variants),OMIM; ClinVar; Online Mendelian Inheritance in Man (omim.org),Includes autosomal dominant/recessive and X-linked monogenic conditions
SLC12A1,OMIM_disease,113,Monogenic disease-causing genes (OMIM curated; pathogenic/likely pathogenic variants),OMIM; ClinVar; Online Mendelian Inheritance in Man (omim.org),Includes autosomal dominant/recessive and X-linked monogenic conditions
SLC12A3,OMIM_disease,113,Monogenic disease-causing genes (OMIM curated; pathogenic/likely pathogenic variants),OMIM; ClinVar; Online Mendelian Inheritance in Man (omim.org),Includes autosomal dominant/recessive and X-linked monogenic conditions
SLC26A4,OMIM_disease,113,Monogenic disease-causing genes (OMIM curated; pathogenic/likely pathogenic variants),OMIM; ClinVar; Online Mendelian Inheritance in Man (omim.org),Includes autosomal dominant/recessive and X-linked monogenic conditions
SLC4A1,OMIM_disease,113,Monogenic disease-causing genes (OMIM curated; pathogenic/likely pathogenic variants),OMIM; ClinVar; Online Mendelian Inheritance in Man (omim.org),Includes autosomal dominant/recessive and X-linked monogenic conditions
SMAD4,OMIM_disease,113,Monogenic disease-causing genes (OMIM curated; pathogenic/likely pathogenic variants),OMIM; ClinVar; Online Mendelian Inheritance in Man (omim.org),Includes autosomal dominant/recessive and X-linked monogenic conditions
SMARCB1,OMIM_disease,113,Monogenic disease-causing genes (OMIM curated; pathogenic/likely pathogenic variants),OMIM; ClinVar; Online Mendelian Inheritance in Man (omim.org),Includes autosomal dominant/recessive and X-linked monogenic conditions
SMN1,OMIM_disease,113,Monogenic disease-causing genes (OMIM curated; pathogenic/likely pathogenic variants),OMIM; ClinVar; Online Mendelian Inheritance in Man (omim.org),Includes autosomal dominant/recessive and X-linked monogenic conditions
SMN2,OMIM_disease,113,Monogenic disease-causing genes (OMIM curated; pathogenic/likely pathogenic variants),OMIM; ClinVar; Online Mendelian Inheritance in Man (omim.org),Includes autosomal dominant/recessive and X-linked monogenic conditions
SOX10,OMIM_disease,113,Monogenic disease-causing genes (OMIM curated; pathogenic/likely pathogenic variants),OMIM; ClinVar; Online Mendelian Inheritance in Man (omim.org),Includes autosomal dominant/recessive and X-linked monogenic conditions
SOX9,OMIM_disease,113,Monogenic disease-causing genes (OMIM curated; pathogenic/likely pathogenic variants),OMIM; ClinVar; Online Mendelian Inheritance in Man (omim.org),Includes autosomal dominant/recessive and X-linked monogenic conditions
STK11,OMIM_disease,113,Monogenic disease-causing genes (OMIM curated; pathogenic/likely pathogenic variants),OMIM; ClinVar; Online Mendelian Inheritance in Man (omim.org),Includes autosomal dominant/recessive and X-linked monogenic conditions
SUFU,OMIM_disease,113,Monogenic disease-causing genes (OMIM curated; pathogenic/likely pathogenic variants),OMIM; ClinVar; Online Mendelian Inheritance in Man (omim.org),Includes autosomal dominant/recessive and X-linked monogenic conditions
TP53,OMIM_disease,113,Monogenic disease-causing genes (OMIM curated; pathogenic/likely pathogenic variants),OMIM; ClinVar; Online Mendelian Inheritance in Man (omim.org),Includes autosomal dominant/recessive and X-linked monogenic conditions
TSC1,OMIM_disease,113,Monogenic disease-causing genes (OMIM curated; pathogenic/likely pathogenic variants),OMIM; ClinVar; Online Mendelian Inheritance in Man (omim.org),Includes autosomal dominant/recessive and X-linked monogenic conditions
TSC2,OMIM_disease,113,Monogenic disease-causing genes (OMIM curated; pathogenic/likely pathogenic variants),OMIM; ClinVar; Online Mendelian Inheritance in Man (omim.org),Includes autosomal dominant/recessive and X-linked monogenic conditions
USH2A,OMIM_disease,113,Monogenic disease-causing genes (OMIM curated; pathogenic/likely pathogenic variants),OMIM; ClinVar; Online Mendelian Inheritance in Man (omim.org),Includes autosomal dominant/recessive and X-linked monogenic conditions
VHL,OMIM_disease,113,Monogenic disease-causing genes (OMIM curated; pathogenic/likely pathogenic variants),OMIM; ClinVar; Online Mendelian Inheritance in Man (omim.org),Includes autosomal dominant/recessive and X-linked monogenic conditions
WT1,OMIM_disease,113,Monogenic disease-causing genes (OMIM curated; pathogenic/likely pathogenic variants),OMIM; ClinVar; Online Mendelian Inheritance in Man (omim.org),Includes autosomal dominant/recessive and X-linked monogenic conditions
APC,tumor_suppressor,36,Canonical tumor suppressor genes,TSGene 2.0; Vogelstein et al. Science 2013; Cancer Gene Census,Core validated TSGs with loss-of-function cancer driver evidence
ARID1A,tumor_suppressor,36,Canonical tumor suppressor genes,TSGene 2.0; Vogelstein et al. Science 2013; Cancer Gene Census,Core validated TSGs with loss-of-function cancer driver evidence
ATRX,tumor_suppressor,36,Canonical tumor suppressor genes,TSGene 2.0; Vogelstein et al. Science 2013; Cancer Gene Census,Core validated TSGs with loss-of-function cancer driver evidence
BAP1,tumor_suppressor,36,Canonical tumor suppressor genes,TSGene 2.0; Vogelstein et al. Science 2013; Cancer Gene Census,Core validated TSGs with loss-of-function cancer driver evidence
BRCA1,tumor_suppressor,36,Canonical tumor suppressor genes,TSGene 2.0; Vogelstein et al. Science 2013; Cancer Gene Census,Core validated TSGs with loss-of-function cancer driver evidence
BRCA2,tumor_suppressor,36,Canonical tumor suppressor genes,TSGene 2.0; Vogelstein et al. Science 2013; Cancer Gene Census,Core validated TSGs with loss-of-function cancer driver evidence
CDH1,tumor_suppressor,36,Canonical tumor suppressor genes,TSGene 2.0; Vogelstein et al. Science 2013; Cancer Gene Census,Core validated TSGs with loss-of-function cancer driver evidence
CDKN2A,tumor_suppressor,36,Canonical tumor suppressor genes,TSGene 2.0; Vogelstein et al. Science 2013; Cancer Gene Census,Core validated TSGs with loss-of-function cancer driver evidence
CREBBP,tumor_suppressor,36,Canonical tumor suppressor genes,TSGene 2.0; Vogelstein et al. Science 2013; Cancer Gene Census,Core validated TSGs with loss-of-function cancer driver evidence
DAXX,tumor_suppressor,36,Canonical tumor suppressor genes,TSGene 2.0; Vogelstein et al. Science 2013; Cancer Gene Census,Core validated TSGs with loss-of-function cancer driver evidence
EP300,tumor_suppressor,36,Canonical tumor suppressor genes,TSGene 2.0; Vogelstein et al. Science 2013; Cancer Gene Census,Core validated TSGs with loss-of-function cancer driver evidence
FBXW7,tumor_suppressor,36,Canonical tumor suppressor genes,TSGene 2.0; Vogelstein et al. Science 2013; Cancer Gene Census,Core validated TSGs with loss-of-function cancer driver evidence
KDM6A,tumor_suppressor,36,Canonical tumor suppressor genes,TSGene 2.0; Vogelstein et al. Science 2013; Cancer Gene Census,Core validated TSGs with loss-of-function cancer driver evidence
KMT2C,tumor_suppressor,36,Canonical tumor suppressor genes,TSGene 2.0; Vogelstein et al. Science 2013; Cancer Gene Census,Core validated TSGs with loss-of-function cancer driver evidence
KMT2D,tumor_suppressor,36,Canonical tumor suppressor genes,TSGene 2.0; Vogelstein et al. Science 2013; Cancer Gene Census,Core validated TSGs with loss-of-function cancer driver evidence
LATS1,tumor_suppressor,36,Canonical tumor suppressor genes,TSGene 2.0; Vogelstein et al. Science 2013; Cancer Gene Census,Core validated TSGs with loss-of-function cancer driver evidence
LATS2,tumor_suppressor,36,Canonical tumor suppressor genes,TSGene 2.0; Vogelstein et al. Science 2013; Cancer Gene Census,Core validated TSGs with loss-of-function cancer driver evidence
LKB1,tumor_suppressor,36,Canonical tumor suppressor genes,TSGene 2.0; Vogelstein et al. Science 2013; Cancer Gene Census,Core validated TSGs with loss-of-function cancer driver evidence
MEN1,tumor_suppressor,36,Canonical tumor suppressor genes,TSGene 2.0; Vogelstein et al. Science 2013; Cancer Gene Census,Core validated TSGs with loss-of-function cancer driver evidence
NF1,tumor_suppressor,36,Canonical tumor suppressor genes,TSGene 2.0; Vogelstein et al. Science 2013; Cancer Gene Census,Core validated TSGs with loss-of-function cancer driver evidence
NF2,tumor_suppressor,36,Canonical tumor suppressor genes,TSGene 2.0; Vogelstein et al. Science 2013; Cancer Gene Census,Core validated TSGs with loss-of-function cancer driver evidence
PTCH1,tumor_suppressor,36,Canonical tumor suppressor genes,TSGene 2.0; Vogelstein et al. Science 2013; Cancer Gene Census,Core validated TSGs with loss-of-function cancer driver evidence
PTEN,tumor_suppressor,36,Canonical tumor suppressor genes,TSGene 2.0; Vogelstein et al. Science 2013; Cancer Gene Census,Core validated TSGs with loss-of-function cancer driver evidence
RB1,tumor_suppressor,36,Canonical tumor suppressor genes,TSGene 2.0; Vogelstein et al. Science 2013; Cancer Gene Census,Core validated TSGs with loss-of-function cancer driver evidence
RB1CC1,tumor_suppressor,36,Canonical tumor suppressor genes,TSGene 2.0; Vogelstein et al. Science 2013; Cancer Gene Census,Core validated TSGs with loss-of-function cancer driver evidence
SETD2,tumor_suppressor,36,Canonical tumor suppressor genes,TSGene 2.0; Vogelstein et al. Science 2013; Cancer Gene Census,Core validated TSGs with loss-of-function cancer driver evidence
SMAD4,tumor_suppressor,36,Canonical tumor suppressor genes,TSGene 2.0; Vogelstein et al. Science 2013; Cancer Gene Census,Core validated TSGs with loss-of-function cancer driver evidence
SMARCB1,tumor_suppressor,36,Canonical tumor suppressor genes,TSGene 2.0; Vogelstein et al. Science 2013; Cancer Gene Census,Core validated TSGs with loss-of-function cancer driver evidence
STAG2,tumor_suppressor,36,Canonical tumor suppressor genes,TSGene 2.0; Vogelstein et al. Science 2013; Cancer Gene Census,Core validated TSGs with loss-of-function cancer driver evidence
STK11,tumor_suppressor,36,Canonical tumor suppressor genes,TSGene 2.0; Vogelstein et al. Science 2013; Cancer Gene Census,Core validated TSGs with loss-of-function cancer driver evidence
SUFU,tumor_suppressor,36,Canonical tumor suppressor genes,TSGene 2.0; Vogelstein et al. Science 2013; Cancer Gene Census,Core validated TSGs with loss-of-function cancer driver evidence
TP53,tumor_suppressor,36,Canonical tumor suppressor genes,TSGene 2.0; Vogelstein et al. Science 2013; Cancer Gene Census,Core validated TSGs with loss-of-function cancer driver evidence
TSC1,tumor_suppressor,36,Canonical tumor suppressor genes,TSGene 2.0; Vogelstein et al. Science 2013; Cancer Gene Census,Core validated TSGs with loss-of-function cancer driver evidence
TSC2,tumor_suppressor,36,Canonical tumor suppressor genes,TSGene 2.0; Vogelstein et al. Science 2013; Cancer Gene Census,Core validated TSGs with loss-of-function cancer driver evidence
VHL,tumor_suppressor,36,Canonical tumor suppressor genes,TSGene 2.0; Vogelstein et al. Science 2013; Cancer Gene Census,Core validated TSGs with loss-of-function cancer driver evidence
WT1,tumor_suppressor,36,Canonical tumor suppressor genes,TSGene 2.0; Vogelstein et al. Science 2013; Cancer Gene Census,Core validated TSGs with loss-of-function cancer driver evidence
ACTB,housekeeping,34,Constitutively expressed housekeeping genes (metabolic/structural/translational),"Eisenberg & Levanon, Trends Genet 2013; Warrington et al., Physiol Genomics 2000",Expected to be broadly expressed and relatively essential across cell types
ALDOA,housekeeping,34,Constitutively expressed housekeeping genes (metabolic/structural/translational),"Eisenberg & Levanon, Trends Genet 2013; Warrington et al., Physiol Genomics 2000",Expected to be broadly expressed and relatively essential across cell types
ATP5F1A,housekeeping,34,Constitutively expressed housekeeping genes (metabolic/structural/translational),"Eisenberg & Levanon, Trends Genet 2013; Warrington et al., Physiol Genomics 2000",Expected to be broadly expressed and relatively essential across cell types
ATP5F1B,housekeeping,34,Constitutively expressed housekeeping genes (metabolic/structural/translational),"Eisenberg & Levanon, Trends Genet 2013; Warrington et al., Physiol Genomics 2000",Expected to be broadly expressed and relatively essential across cell types
ATP5MC1,housekeeping,34,Constitutively expressed housekeeping genes (metabolic/structural/translational),"Eisenberg & Levanon, Trends Genet 2013; Warrington et al., Physiol Genomics 2000",Expected to be broadly expressed and relatively essential across cell types
CALM1,housekeeping,34,Constitutively expressed housekeeping genes (metabolic/structural/translational),"Eisenberg & Levanon, Trends Genet 2013; Warrington et al., Physiol Genomics 2000",Expected to be broadly expressed and relatively essential across cell types
CALM2,housekeeping,34,Constitutively expressed housekeeping genes (metabolic/structural/translational),"Eisenberg & Levanon, Trends Genet 2013; Warrington et al., Physiol Genomics 2000",Expected to be broadly expressed and relatively essential across cell types
CALM3,housekeeping,34,Constitutively expressed housekeeping genes (metabolic/structural/translational),"Eisenberg & Levanon, Trends Genet 2013; Warrington et al., Physiol Genomics 2000",Expected to be broadly expressed and relatively essential across cell types
COX4I1,housekeeping,34,Constitutively expressed housekeeping genes (metabolic/structural/translational),"Eisenberg & Levanon, Trends Genet 2013; Warrington et al., Physiol Genomics 2000",Expected to be broadly expressed and relatively essential across cell types
COX5A,housekeeping,34,Constitutively expressed housekeeping genes (metabolic/structural/translational),"Eisenberg & Levanon, Trends Genet 2013; Warrington et al., Physiol Genomics 2000",Expected to be broadly expressed and relatively essential across cell types
COX6B1,housekeeping,34,Constitutively expressed housekeeping genes (metabolic/structural/translational),"Eisenberg & Levanon, Trends Genet 2013; Warrington et al., Physiol Genomics 2000",Expected to be broadly expressed and relatively essential across cell types
CYC1,housekeeping,34,Constitutively expressed housekeeping genes (metabolic/structural/translational),"Eisenberg & Levanon, Trends Genet 2013; Warrington et al., Physiol Genomics 2000",Expected to be broadly expressed and relatively essential across cell types
EEF1A1,housekeeping,34,Constitutively expressed housekeeping genes (metabolic/structural/translational),"Eisenberg & Levanon, Trends Genet 2013; Warrington et al., Physiol Genomics 2000",Expected to be broadly expressed and relatively essential across cell types
EEF2,housekeeping,34,Constitutively expressed housekeeping genes (metabolic/structural/translational),"Eisenberg & Levanon, Trends Genet 2013; Warrington et al., Physiol Genomics 2000",Expected to be broadly expressed and relatively essential across cell types
ENO1,housekeeping,34,Constitutively expressed housekeeping genes (metabolic/structural/translational),"Eisenberg & Levanon, Trends Genet 2013; Warrington et al., Physiol Genomics 2000",Expected to be broadly expressed and relatively essential across cell types
GAPDH,housekeeping,34,Constitutively expressed housekeeping genes (metabolic/structural/translational),"Eisenberg & Levanon, Trends Genet 2013; Warrington et al., Physiol Genomics 2000",Expected to be broadly expressed and relatively essential across cell types
HSP90AA1,housekeeping,34,Constitutively expressed housekeeping genes (metabolic/structural/translational),"Eisenberg & Levanon, Trends Genet 2013; Warrington et al., Physiol Genomics 2000",Expected to be broadly expressed and relatively essential across cell types
HSP90AB1,housekeeping,34,Constitutively expressed housekeeping genes (metabolic/structural/translational),"Eisenberg & Levanon, Trends Genet 2013; Warrington et al., Physiol Genomics 2000",Expected to be broadly expressed and relatively essential across cell types
HSPA5,housekeeping,34,Constitutively expressed housekeeping genes (metabolic/structural/translational),"Eisenberg & Levanon, Trends Genet 2013; Warrington et al., Physiol Genomics 2000",Expected to be broadly expressed and relatively essential across cell types
HSPA8,housekeeping,34,Constitutively expressed housekeeping genes (metabolic/structural/translational),"Eisenberg & Levanon, Trends Genet 2013; Warrington et al., Physiol Genomics 2000",Expected to be broadly expressed and relatively essential across cell types
LDHA,housekeeping,34,Constitutively expressed housekeeping genes (metabolic/structural/translational),"Eisenberg & Levanon, Trends Genet 2013; Warrington et al., Physiol Genomics 2000",Expected to be broadly expressed and relatively essential across cell types
LDHB,housekeeping,34,Constitutively expressed housekeeping genes (metabolic/structural/translational),"Eisenberg & Levanon, Trends Genet 2013; Warrington et al., Physiol Genomics 2000",Expected to be broadly expressed and relatively essential across cell types
NDUFA1,housekeeping,34,Constitutively expressed housekeeping genes (metabolic/structural/translational),"Eisenberg & Levanon, Trends Genet 2013; Warrington et al., Physiol Genomics 2000",Expected to be broadly expressed and relatively essential across cell types
NDUFB1,housekeeping,34,Constitutively expressed housekeeping genes (metabolic/structural/translational),"Eisenberg & Levanon, Trends Genet 2013; Warrington et al., Physiol Genomics 2000",Expected to be broadly expressed and relatively essential across cell types
PGK1,housekeeping,34,Constitutively expressed housekeeping genes (metabolic/structural/translational),"Eisenberg & Levanon, Trends Genet 2013; Warrington et al., Physiol Genomics 2000",Expected to be broadly expressed and relatively essential across cell types
PKM,housekeeping,34,Constitutively expressed housekeeping genes (metabolic/structural/translational),"Eisenberg & Levanon, Trends Genet 2013; Warrington et al., Physiol Genomics 2000",Expected to be broadly expressed and relatively essential across cell types
PPIA,housekeeping,34,Constitutively expressed housekeeping genes (metabolic/structural/translational),"Eisenberg & Levanon, Trends Genet 2013; Warrington et al., Physiol Genomics 2000",Expected to be broadly expressed and relatively essential across cell types
PPIB,housekeeping,34,Constitutively expressed housekeeping genes (metabolic/structural/translational),"Eisenberg & Levanon, Trends Genet 2013; Warrington et al., Physiol Genomics 2000",Expected to be broadly expressed and relatively essential across cell types
RPS27A,housekeeping,34,Constitutively expressed housekeeping genes (metabolic/structural/translational),"Eisenberg & Levanon, Trends Genet 2013; Warrington et al., Physiol Genomics 2000",Expected to be broadly expressed and relatively essential across cell types
TPI1,housekeeping,34,Constitutively expressed housekeeping genes (metabolic/structural/translational),"Eisenberg & Levanon, Trends Genet 2013; Warrington et al., Physiol Genomics 2000",Expected to be broadly expressed and relatively essential across cell types
TUBA1A,housekeeping,34,Constitutively expressed housekeeping genes (metabolic/structural/translational),"Eisenberg & Levanon, Trends Genet 2013; Warrington et al., Physiol Genomics 2000",Expected to be broadly expressed and relatively essential across cell types
TUBB,housekeeping,34,Constitutively expressed housekeeping genes (metabolic/structural/translational),"Eisenberg & Levanon, Trends Genet 2013; Warrington et al., Physiol Genomics 2000",Expected to be broadly expressed and relatively essential across cell types
UBB,housekeeping,34,Constitutively expressed housekeeping genes (metabolic/structural/translational),"Eisenberg & Levanon, Trends Genet 2013; Warrington et al., Physiol Genomics 2000",Expected to be broadly expressed and relatively essential across cell types
UBC,housekeeping,34,Constitutively expressed housekeeping genes (metabolic/structural/translational),"Eisenberg & Levanon, Trends Genet 2013; Warrington et al., Physiol Genomics 2000",Expected to be broadly expressed and relatively essential across cell types
ABL1,oncogene,37,Canonical oncogenes (gain-of-function cancer drivers),COSMIC Cancer Gene Census; Vogelstein et al. Science 2013,Core validated oncogenes with somatic gain-of-function mutations in cancer
ALK,oncogene,37,Canonical oncogenes (gain-of-function cancer drivers),COSMIC Cancer Gene Census; Vogelstein et al. Science 2013,Core validated oncogenes with somatic gain-of-function mutations in cancer
BCR,oncogene,37,Canonical oncogenes (gain-of-function cancer drivers),COSMIC Cancer Gene Census; Vogelstein et al. Science 2013,Core validated oncogenes with somatic gain-of-function mutations in cancer
BRAF,oncogene,37,Canonical oncogenes (gain-of-function cancer drivers),COSMIC Cancer Gene Census; Vogelstein et al. Science 2013,Core validated oncogenes with somatic gain-of-function mutations in cancer
CALR,oncogene,37,Canonical oncogenes (gain-of-function cancer drivers),COSMIC Cancer Gene Census; Vogelstein et al. Science 2013,Core validated oncogenes with somatic gain-of-function mutations in cancer
CCND1,oncogene,37,Canonical oncogenes (gain-of-function cancer drivers),COSMIC Cancer Gene Census; Vogelstein et al. Science 2013,Core validated oncogenes with somatic gain-of-function mutations in cancer
CCNE1,oncogene,37,Canonical oncogenes (gain-of-function cancer drivers),COSMIC Cancer Gene Census; Vogelstein et al. Science 2013,Core validated oncogenes with somatic gain-of-function mutations in cancer
CDK4,oncogene,37,Canonical oncogenes (gain-of-function cancer drivers),COSMIC Cancer Gene Census; Vogelstein et al. Science 2013,Core validated oncogenes with somatic gain-of-function mutations in cancer
CDK6,oncogene,37,Canonical oncogenes (gain-of-function cancer drivers),COSMIC Cancer Gene Census; Vogelstein et al. Science 2013,Core validated oncogenes with somatic gain-of-function mutations in cancer
DNMT3A,oncogene,37,Canonical oncogenes (gain-of-function cancer drivers),COSMIC Cancer Gene Census; Vogelstein et al. Science 2013,Core validated oncogenes with somatic gain-of-function mutations in cancer
EGFR,oncogene,37,Canonical oncogenes (gain-of-function cancer drivers),COSMIC Cancer Gene Census; Vogelstein et al. Science 2013,Core validated oncogenes with somatic gain-of-function mutations in cancer
ERBB2,oncogene,37,Canonical oncogenes (gain-of-function cancer drivers),COSMIC Cancer Gene Census; Vogelstein et al. Science 2013,Core validated oncogenes with somatic gain-of-function mutations in cancer
FGFR1,oncogene,37,Canonical oncogenes (gain-of-function cancer drivers),COSMIC Cancer Gene Census; Vogelstein et al. Science 2013,Core validated oncogenes with somatic gain-of-function mutations in cancer
FGFR2,oncogene,37,Canonical oncogenes (gain-of-function cancer drivers),COSMIC Cancer Gene Census; Vogelstein et al. Science 2013,Core validated oncogenes with somatic gain-of-function mutations in cancer
FGFR3,oncogene,37,Canonical oncogenes (gain-of-function cancer drivers),COSMIC Cancer Gene Census; Vogelstein et al. Science 2013,Core validated oncogenes with somatic gain-of-function mutations in cancer
FLT3,oncogene,37,Canonical oncogenes (gain-of-function cancer drivers),COSMIC Cancer Gene Census; Vogelstein et al. Science 2013,Core validated oncogenes with somatic gain-of-function mutations in cancer
HRAS,oncogene,37,Canonical oncogenes (gain-of-function cancer drivers),COSMIC Cancer Gene Census; Vogelstein et al. Science 2013,Core validated oncogenes with somatic gain-of-function mutations in cancer
IDH1,oncogene,37,Canonical oncogenes (gain-of-function cancer drivers),COSMIC Cancer Gene Census; Vogelstein et al. Science 2013,Core validated oncogenes with somatic gain-of-function mutations in cancer
IDH2,oncogene,37,Canonical oncogenes (gain-of-function cancer drivers),COSMIC Cancer Gene Census; Vogelstein et al. Science 2013,Core validated oncogenes with somatic gain-of-function mutations in cancer
JAK2,oncogene,37,Canonical oncogenes (gain-of-function cancer drivers),COSMIC Cancer Gene Census; Vogelstein et al. Science 2013,Core validated oncogenes with somatic gain-of-function mutations in cancer
KIT,oncogene,37,Canonical oncogenes (gain-of-function cancer drivers),COSMIC Cancer Gene Census; Vogelstein et al. Science 2013,Core validated oncogenes with somatic gain-of-function mutations in cancer
KRAS,oncogene,37,Canonical oncogenes (gain-of-function cancer drivers),COSMIC Cancer Gene Census; Vogelstein et al. Science 2013,Core validated oncogenes with somatic gain-of-function mutations in cancer
MDM2,oncogene,37,Canonical oncogenes (gain-of-function cancer drivers),COSMIC Cancer Gene Census; Vogelstein et al. Science 2013,Core validated oncogenes with somatic gain-of-function mutations in cancer
MDM4,oncogene,37,Canonical oncogenes (gain-of-function cancer drivers),COSMIC Cancer Gene Census; Vogelstein et al. Science 2013,Core validated oncogenes with somatic gain-of-function mutations in cancer
MET,oncogene,37,Canonical oncogenes (gain-of-function cancer drivers),COSMIC Cancer Gene Census; Vogelstein et al. Science 2013,Core validated oncogenes with somatic gain-of-function mutations in cancer
MPL,oncogene,37,Canonical oncogenes (gain-of-function cancer drivers),COSMIC Cancer Gene Census; Vogelstein et al. Science 2013,Core validated oncogenes with somatic gain-of-function mutations in cancer
MYC,oncogene,37,Canonical oncogenes (gain-of-function cancer drivers),COSMIC Cancer Gene Census; Vogelstein et al. Science 2013,Core validated oncogenes with somatic gain-of-function mutations in cancer
MYCL,oncogene,37,Canonical oncogenes (gain-of-function cancer drivers),COSMIC Cancer Gene Census; Vogelstein et al. Science 2013,Core validated oncogenes with somatic gain-of-function mutations in cancer
MYCN,oncogene,37,Canonical oncogenes (gain-of-function cancer drivers),COSMIC Cancer Gene Census; Vogelstein et al. Science 2013,Core validated oncogenes with somatic gain-of-function mutations in cancer
NPM1,oncogene,37,Canonical oncogenes (gain-of-function cancer drivers),COSMIC Cancer Gene Census; Vogelstein et al. Science 2013,Core validated oncogenes with somatic gain-of-function mutations in cancer
NRAS,oncogene,37,Canonical oncogenes (gain-of-function cancer drivers),COSMIC Cancer Gene Census; Vogelstein et al. Science 2013,Core validated oncogenes with somatic gain-of-function mutations in cancer
PDGFRA,oncogene,37,Canonical oncogenes (gain-of-function cancer drivers),COSMIC Cancer Gene Census; Vogelstein et al. Science 2013,Core validated oncogenes with somatic gain-of-function mutations in cancer
PIK3CA,oncogene,37,Canonical oncogenes (gain-of-function cancer drivers),COSMIC Cancer Gene Census; Vogelstein et al. Science 2013,Core validated oncogenes with somatic gain-of-function mutations in cancer
RET,oncogene,37,Canonical oncogenes (gain-of-function cancer drivers),COSMIC Cancer Gene Census; Vogelstein et al. Science 2013,Core validated oncogenes with somatic gain-of-function mutations in cancer
ROS1,oncogene,37,Canonical oncogenes (gain-of-function cancer drivers),COSMIC Cancer Gene Census; Vogelstein et al. Science 2013,Core validated oncogenes with somatic gain-of-function mutations in cancer
SF3B1,oncogene,37,Canonical oncogenes (gain-of-function cancer drivers),COSMIC Cancer Gene Census; Vogelstein et al. Science 2013,Core validated oncogenes with somatic gain-of-function mutations in cancer
U2AF1,oncogene,37,Canonical oncogenes (gain-of-function cancer drivers),COSMIC Cancer Gene Census; Vogelstein et al. Science 2013,Core validated oncogenes with somatic gain-of-function mutations in cancer
